rule,repo,file,# a 64GB file took 72GB mem
        runtime,# adaptive memory
        runtime,# calculate runtime based on the both input files somehow
        cpus_per_task,# mem_mb,# this needs to be calculated dynamically based on input file size
        runtime,# time,# 👈 give it 32 GB
        runtime,# 👈 give it 64 GB
        runtime,## GB per make job run in parallel
        mem_mb,#depending on the tool memory usage usually scales with threads 
        #and/or input/database file size. Can calculate dynamically
        mem_mb,cpus,cpus_per_task,java_mem,java_opts,mem,mem_gb,mem_mb,ncbi_api_requests,ntasks,runtime,see:
        #     https://snakemake.readthedocs.io/en/stable/snakefiles/rules.html#resources
        mem_gb,slots,threads,time,tmpdir
all,LinhHo,/tmp/tmpaw_q0_rf/workflow/Snakefile,0,0,0,0,0,0,0,0,0,0,0,0,0,0,0,0,0,0,0,0,0,0,0,0,0
slope_too_steep,LinhHo,/tmp/tmpaw_q0_rf/workflow/rules/process.smk,0,0,0,0,0,0,0,0,0,0,0,0,0,0,0,0,0,0,0,0,0,0,0,0,0
suitable_land_cover,LinhHo,/tmp/tmpaw_q0_rf/workflow/rules/process.smk,0,0,0,0,0,0,0,0,0,0,0,0,0,0,0,0,0,0,0,0,0,0,0,0,0
resample_same_resolution,LinhHo,/tmp/tmpaw_q0_rf/workflow/rules/process.smk,0,0,0,0,0,0,0,0,0,0,0,0,0,0,0,0,0,0,0,0,0,0,0,0,0
technical_mask,LinhHo,/tmp/tmpaw_q0_rf/workflow/rules/process.smk,0,0,0,0,0,0,0,0,0,0,0,0,0,0,0,0,0,0,0,0,0,0,0,0,0
area_potential,LinhHo,/tmp/tmpaw_q0_rf/workflow/rules/process.smk,0,0,0,0,0,0,0,0,0,0,0,0,0,0,0,0,0,0,0,0,0,0,0,0,0
cutout_landcover,LinhHo,/tmp/tmpaw_q0_rf/workflow/rules/prepare.smk,0,0,0,0,0,0,0,0,0,0,0,0,0,0,0,0,0,0,0,0,0,0,0,0,0
cutout_landseamask,LinhHo,/tmp/tmpaw_q0_rf/workflow/rules/prepare.smk,0,0,0,0,0,0,0,0,0,0,0,0,0,0,0,0,0,0,0,0,0,0,0,0,0
cutout_settlement,LinhHo,/tmp/tmpaw_q0_rf/workflow/rules/prepare.smk,0,0,0,0,0,0,0,0,0,0,0,0,0,0,0,0,0,0,0,0,0,0,0,0,0
download_cutout_slope,LinhHo,/tmp/tmpaw_q0_rf/workflow/rules/automatic.smk,0,0,0,0,0,0,0,0,0,0,0,0,0,0,0,0,0,0,0,0,0,0,0,0,0
download_cutout_bathymetry,LinhHo,/tmp/tmpaw_q0_rf/workflow/rules/automatic.smk,0,0,0,0,0,0,0,0,0,0,0,0,0,0,0,0,0,0,0,0,0,0,0,0,0
download_wdpa,LinhHo,/tmp/tmpaw_q0_rf/workflow/rules/automatic.smk,0,0,0,0,0,0,0,0,0,0,0,0,0,0,0,0,0,0,0,0,0,0,0,0,0
unzip_wdpa,LinhHo,/tmp/tmpaw_q0_rf/workflow/rules/automatic.smk,0,0,0,0,0,0,0,0,0,0,0,0,0,0,0,0,0,0,0,0,0,0,0,0,0
download_globcover,LinhHo,/tmp/tmpaw_q0_rf/workflow/rules/automatic.smk,0,0,0,0,0,0,0,0,0,0,0,0,0,0,0,0,0,0,0,0,0,0,0,0,0
unzip_globcover,LinhHo,/tmp/tmpaw_q0_rf/workflow/rules/automatic.smk,0,0,0,0,0,0,0,0,0,0,0,0,0,0,0,0,0,0,0,0,0,0,0,0,0
download_ghsl,LinhHo,/tmp/tmpaw_q0_rf/workflow/rules/automatic.smk,0,0,0,0,0,0,0,0,0,0,0,0,0,0,0,0,0,0,0,0,0,0,0,0,0
unzip_ghsl,LinhHo,/tmp/tmpaw_q0_rf/workflow/rules/automatic.smk,0,0,0,0,0,0,0,0,0,0,0,0,0,0,0,0,0,0,0,0,0,0,0,0,0
create_external_input,LinhHo,/tmp/tmpaw_q0_rf/tests/integration/Snakefile,0,0,0,0,0,0,0,0,0,0,0,0,0,0,0,0,0,0,0,0,0,0,0,0,0
all,LinhHo,/tmp/tmpaw_q0_rf/tests/integration/Snakefile,0,0,0,0,0,0,0,0,0,0,0,0,0,0,0,0,0,0,0,0,0,0,0,0,0
all,metagenome-atlas,/tmp/tmp492r4opj/workflow/Snakefile,0,0,0,0,0,0,0,0,0,0,0,0,0,0,0,0,0,0,0,0,0,0,0,0,0
get_genome,metagenome-atlas,/tmp/tmp492r4opj/workflow/rules/process_reads.smk,0,0,0,0,0,0,0,0,0,0,0,0,0,0,0,0,0,0,0,0,0,0,0,0,0
validate_genome,metagenome-atlas,/tmp/tmp492r4opj/workflow/rules/process_reads.smk,0,0,0,0,0,0,0,0,0,0,0,0,0,0,0,0,0,0,0,0,0,0,0,0,0
simulate_reads,metagenome-atlas,/tmp/tmp492r4opj/workflow/rules/process_reads.smk,0,0,0,0,0,0,0,0,0,0,0,0,0,0,0,0,0,0,0,0,0,0,0,0,0
fastqc,metagenome-atlas,/tmp/tmp492r4opj/workflow/rules/process_reads.smk,0,0,0,0,0,0,0,0,0,0,0,0,0,0,0,0,0,0,0,0,0,0,0,0,0
multiqc,metagenome-atlas,/tmp/tmp492r4opj/workflow/rules/process_reads.smk,0,0,0,0,0,0,0,0,0,0,0,0,0,0,0,0,0,0,0,0,0,0,0,0,0
all,metagenome-atlas,/tmp/tmpnrw68bfx/workflow/Snakefile,0,0,0,0,0,0,0,0,0,0,0,0,0,0,0,0,0,0,0,0,0,0,0,0,0
predict_genes,metagenome-atlas,/tmp/tmpnrw68bfx/workflow/rules/annotations.smk,0,0,0,0,0,0,0,0,0,0,0,0,0,0,0,0,1,0,0,0,0,0,0,1,0
get_contigs_from_gene_names,metagenome-atlas,/tmp/tmpnrw68bfx/workflow/rules/annotations.smk,0,0,0,0,0,0,0,0,0,0,0,0,0,0,0,0,0,0,0,0,0,0,0,0,0
run_spades,metagenome-atlas,/tmp/tmpnrw68bfx/workflow/rules/spades.smk,0,0,0,0,0,0,0,0,0,0,0,0,0,0,0,0,1,0,0,0,0,0,0,1,0
rename_contigs,metagenome-atlas,/tmp/tmpnrw68bfx/workflow/rules/post_assembly.smk,0,0,0,0,0,0,0,0,0,0,0,0,0,0,0,0,1,0,0,0,0,0,0,1,0
calculate_contigs_stats,metagenome-atlas,/tmp/tmpnrw68bfx/workflow/rules/post_assembly.smk,0,0,0,0,0,0,0,0,0,0,0,0,0,0,0,0,1,0,0,0,0,0,0,1,0
combine_sample_contig_stats,metagenome-atlas,/tmp/tmpnrw68bfx/workflow/rules/post_assembly.smk,0,0,0,0,0,0,0,0,0,0,0,0,0,0,0,0,0,0,0,0,0,0,0,0,0
align_reads_to_final_contigs,metagenome-atlas,/tmp/tmpnrw68bfx/workflow/rules/post_assembly.smk,0,0,0,0,0,0,0,0,0,0,0,0,0,0,0,0,1,0,0,0,0,0,0,0,0
pileup_contigs_sample,metagenome-atlas,/tmp/tmpnrw68bfx/workflow/rules/post_assembly.smk,0,0,0,0,0,0,0,0,0,0,0,0,1,0,0,0,1,0,0,0,0,0,0,0,0
create_bam_index,metagenome-atlas,/tmp/tmpnrw68bfx/workflow/rules/post_assembly.smk,0,0,0,0,0,0,0,0,0,0,0,0,0,0,0,0,1,0,0,0,0,0,0,0,0
combine_contig_stats,metagenome-atlas,/tmp/tmpnrw68bfx/workflow/rules/post_assembly.smk,0,0,0,0,0,0,0,0,0,0,0,0,0,0,0,0,0,0,0,0,0,0,0,0,0
build_assembly_report,metagenome-atlas,/tmp/tmpnrw68bfx/workflow/rules/post_assembly.smk,0,0,0,0,0,0,0,0,0,0,0,0,0,0,0,0,0,0,0,0,0,0,0,0,0
merge_se_me_for_megahit,metagenome-atlas,/tmp/tmpnrw68bfx/workflow/rules/megahit.smk,0,0,0,0,0,0,0,0,0,0,0,0,0,0,0,0,0,0,0,0,0,0,0,0,0
run_megahit,metagenome-atlas,/tmp/tmpnrw68bfx/workflow/rules/megahit.smk,0,0,0,0,0,0,0,0,0,0,0,0,0,0,0,0,1,0,0,0,0,0,0,1,0
init_pre_assembly_processing,metagenome-atlas,/tmp/tmpnrw68bfx/workflow/rules/pre_assembly.smk,0,0,0,0,0,0,0,0,0,0,0,0,1,0,0,0,1,0,0,0,0,0,0,0,0
error_correction,metagenome-atlas,/tmp/tmpnrw68bfx/workflow/rules/pre_assembly.smk,0,0,0,0,0,0,0,0,0,0,0,0,1,0,0,0,1,0,0,0,0,0,0,0,0
merge_pairs,metagenome-atlas,/tmp/tmpnrw68bfx/workflow/rules/pre_assembly.smk,0,0,0,0,0,0,0,0,0,0,0,0,1,0,0,0,1,0,0,0,0,0,0,0,0
all,dlaehnemann,/tmp/tmpaqy7cqn1/workflow/Snakefile,0,0,0,0,0,0,0,0,0,0,0,0,0,0,0,0,0,0,0,0,0,0,0,0,0
kallisto_quant_to_gfold_input,dlaehnemann,/tmp/tmpaqy7cqn1/workflow/rules/gfold.smk,0,0,0,0,0,0,0,0,0,0,0,0,0,0,0,0,0,0,0,0,0,0,0,0,0
gfold,dlaehnemann,/tmp/tmpaqy7cqn1/workflow/rules/gfold.smk,0,0,0,0,0,0,0,0,0,0,0,0,0,0,0,0,1,0,0,0,0,0,0,0,0
clean_and_sort_gfold,dlaehnemann,/tmp/tmpaqy7cqn1/workflow/rules/gfold.smk,0,0,0,0,0,0,0,0,0,0,0,0,0,0,0,0,0,0,0,0,0,0,0,0,0
gfold_datavzrd,dlaehnemann,/tmp/tmpaqy7cqn1/workflow/rules/gfold.smk,0,0,0,0,0,0,0,0,0,0,0,0,0,0,0,0,0,0,0,0,0,0,0,0,0
spia,dlaehnemann,/tmp/tmpaqy7cqn1/workflow/rules/enrichment.smk,0,0,0,0,0,0,0,0,0,0,0,0,0,0,0,0,1,0,0,0,0,0,0,0,0
spia_datavzrd,dlaehnemann,/tmp/tmpaqy7cqn1/workflow/rules/enrichment.smk,0,0,0,0,0,0,0,0,0,0,0,0,0,0,0,0,0,0,0,0,0,0,0,0,0
gseapy,dlaehnemann,/tmp/tmpaqy7cqn1/workflow/rules/enrichment.smk,0,0,0,0,0,0,0,0,0,0,0,0,0,0,0,0,0,0,0,0,0,0,0,0,0
all,jereiard,/tmp/tmpjtzr_v1n/Snakefile,0,0,0,0,0,0,0,0,0,0,0,0,0,0,0,0,0,0,0,0,0,0,0,0,0
annotate_variants,jereiard,/tmp/tmpjtzr_v1n/rules/annotation.smk,0,0,0,0,0,0,0,0,0,0,0,0,0,0,0,0,0,0,0,0,0,0,0,0,0
call_variants,jereiard,/tmp/tmpjtzr_v1n/rules/calling.smk,0,0,0,0,0,0,0,0,0,0,0,0,0,0,0,0,0,0,0,0,0,0,0,0,0
combine_calls,jereiard,/tmp/tmpjtzr_v1n/rules/calling.smk,0,0,0,0,0,0,0,0,0,0,0,0,0,0,0,0,0,0,0,0,0,0,0,0,0
genotype_variants,jereiard,/tmp/tmpjtzr_v1n/rules/calling.smk,0,0,0,0,0,0,0,0,0,0,0,0,0,0,0,0,0,0,0,0,0,0,0,0,0
merge_variants,jereiard,/tmp/tmpjtzr_v1n/rules/calling.smk,0,0,0,0,0,0,0,0,0,0,0,0,0,0,0,0,0,0,0,0,0,0,0,0,0
vcf_to_tsv,jereiard,/tmp/tmpjtzr_v1n/rules/stats.smk,0,0,0,0,0,0,0,0,0,0,0,0,0,0,0,0,0,0,0,0,0,0,0,0,0
plot_stats,jereiard,/tmp/tmpjtzr_v1n/rules/stats.smk,0,0,0,0,0,0,0,0,0,0,0,0,0,0,0,0,0,0,0,0,0,0,0,0,0
get_genome,jereiard,/tmp/tmpjtzr_v1n/rules/ref.smk,0,0,0,0,0,0,0,0,0,0,0,0,0,0,0,0,0,0,0,0,0,0,0,0,0
genome_faidx,jereiard,/tmp/tmpjtzr_v1n/rules/ref.smk,0,0,0,0,0,0,0,0,0,0,0,0,0,0,0,0,0,0,0,0,0,0,0,0,0
genome_dict,jereiard,/tmp/tmpjtzr_v1n/rules/ref.smk,0,0,0,0,0,0,0,0,0,0,0,0,0,0,0,0,0,0,0,0,0,0,0,0,0
get_known_variation,jereiard,/tmp/tmpjtzr_v1n/rules/ref.smk,0,0,0,0,0,0,0,0,0,0,0,0,0,0,0,0,0,0,0,0,0,0,0,0,0
remove_iupac_codes,jereiard,/tmp/tmpjtzr_v1n/rules/ref.smk,0,0,0,0,0,0,0,0,0,0,0,0,0,0,0,0,0,0,0,0,0,0,0,0,0
tabix_known_variants,jereiard,/tmp/tmpjtzr_v1n/rules/ref.smk,0,0,0,0,0,0,0,0,0,0,0,0,0,0,0,0,0,0,0,0,0,0,0,0,0
bwa_index,jereiard,/tmp/tmpjtzr_v1n/rules/ref.smk,0,0,0,0,0,0,0,0,0,0,0,0,0,0,0,0,1,0,0,0,0,0,0,0,0
get_vep_cache,jereiard,/tmp/tmpjtzr_v1n/rules/ref.smk,0,0,0,0,0,0,0,0,0,0,0,0,0,0,0,0,0,0,0,0,0,0,0,0,0
get_vep_plugins,jereiard,/tmp/tmpjtzr_v1n/rules/ref.smk,0,0,0,0,0,0,0,0,0,0,0,0,0,0,0,0,0,0,0,0,0,0,0,0,0
fastqc,jereiard,/tmp/tmpjtzr_v1n/rules/qc.smk,0,0,0,0,0,0,0,0,0,0,0,0,0,0,0,0,0,0,0,0,0,0,0,0,0
samtools_stats,jereiard,/tmp/tmpjtzr_v1n/rules/qc.smk,0,0,0,0,0,0,0,0,0,0,0,0,0,0,0,0,0,0,0,0,0,0,0,0,0
multiqc,jereiard,/tmp/tmpjtzr_v1n/rules/qc.smk,0,0,0,0,0,0,0,0,0,0,0,0,0,0,0,0,0,0,0,0,0,0,0,0,0
trim_reads_se,jereiard,/tmp/tmpjtzr_v1n/rules/mapping.smk,0,0,0,0,0,0,0,0,0,0,0,0,0,0,0,0,0,0,0,0,0,0,0,0,0
trim_reads_pe,jereiard,/tmp/tmpjtzr_v1n/rules/mapping.smk,0,0,0,0,0,0,0,0,0,0,0,0,0,0,0,0,0,0,0,0,0,0,0,0,0
map_reads,jereiard,/tmp/tmpjtzr_v1n/rules/mapping.smk,0,0,0,0,0,0,0,0,0,0,0,0,0,0,0,0,0,0,0,0,0,0,0,0,0
mark_duplicates,jereiard,/tmp/tmpjtzr_v1n/rules/mapping.smk,0,0,0,0,0,0,0,0,0,0,0,0,0,0,0,0,0,0,0,0,0,0,0,0,0
recalibrate_base_qualities,jereiard,/tmp/tmpjtzr_v1n/rules/mapping.smk,0,0,0,0,0,0,0,0,0,0,0,0,0,0,0,0,0,0,0,0,0,0,0,0,0
samtools_index,jereiard,/tmp/tmpjtzr_v1n/rules/mapping.smk,0,0,0,0,0,0,0,0,0,0,0,0,0,0,0,0,0,0,0,0,0,0,0,0,0
select_calls,jereiard,/tmp/tmpjtzr_v1n/rules/filtering.smk,0,0,0,0,0,0,0,0,0,0,0,0,0,0,0,0,0,0,0,0,0,0,0,0,0
hard_filter_calls,jereiard,/tmp/tmpjtzr_v1n/rules/filtering.smk,0,0,0,0,0,0,0,0,0,0,0,0,0,0,0,0,0,0,0,0,0,0,0,0,0
recalibrate_calls,jereiard,/tmp/tmpjtzr_v1n/rules/filtering.smk,0,0,0,0,0,0,0,0,0,0,0,0,0,0,0,0,0,0,0,0,0,0,0,0,0
merge_calls,jereiard,/tmp/tmpjtzr_v1n/rules/filtering.smk,0,0,0,0,0,0,0,0,0,0,0,0,0,0,0,0,0,0,0,0,0,0,0,0,0
all,loganylchen,/tmp/tmpaetsxnwb/workflow/Snakefile,0,0,0,0,0,0,0,0,0,0,0,0,0,0,0,0,0,0,0,0,0,0,0,0,0
glori_preptbl,loganylchen,/tmp/tmpaetsxnwb/workflow/rules/gloriseq_indexprep.smk,0,0,0,0,0,0,0,0,0,0,0,0,0,0,0,0,0,0,0,0,0,0,0,0,0
glori_preptbl2,loganylchen,/tmp/tmpaetsxnwb/workflow/rules/gloriseq_indexprep.smk,0,0,0,0,0,0,0,0,0,0,0,0,0,0,0,0,0,0,0,0,0,0,0,0,0
glori_select_longest_transcripts,loganylchen,/tmp/tmpaetsxnwb/workflow/rules/gloriseq_indexprep.smk,0,0,0,0,0,0,0,0,0,0,0,0,0,0,0,0,0,0,0,0,0,0,0,0,0
glori_build_index_transcriptome,loganylchen,/tmp/tmpaetsxnwb/workflow/rules/gloriseq_indexprep.smk,0,0,0,0,0,0,0,0,0,0,0,0,0,0,0,0,0,0,0,0,0,0,0,0,0
glori_build_index_genome,loganylchen,/tmp/tmpaetsxnwb/workflow/rules/gloriseq_indexprep.smk,0,0,0,0,0,0,0,0,0,0,0,0,0,0,0,0,0,0,0,0,0,0,0,0,0
glori_index_baseanno,loganylchen,/tmp/tmpaetsxnwb/workflow/rules/gloriseq_indexprep.smk,0,0,0,0,0,0,0,0,0,0,0,0,0,0,0,0,0,0,0,0,0,0,0,0,0
glori_gtf2genelist,loganylchen,/tmp/tmpaetsxnwb/workflow/rules/gloriseq_indexprep.smk,0,0,0,0,0,0,0,0,0,0,0,0,0,0,0,0,0,0,0,0,0,0,0,0,0
glori_filtered_genelist,loganylchen,/tmp/tmpaetsxnwb/workflow/rules/gloriseq_indexprep.smk,0,0,0,0,0,0,0,0,0,0,0,0,0,0,0,0,0,0,0,0,0,0,0,0,0
glori_remove_redundance,loganylchen,/tmp/tmpaetsxnwb/workflow/rules/gloriseq_indexprep.smk,0,0,0,0,0,0,0,0,0,0,0,0,0,0,0,0,0,0,0,0,0,0,0,0,0
glori_trim_dedup,loganylchen,/tmp/tmpaetsxnwb/workflow/rules/gloriseq_dataprep.smk,0,0,0,0,0,0,0,0,0,0,0,0,0,0,0,0,0,0,0,0,0,0,0,0,0
glori_uncompress_fastq,loganylchen,/tmp/tmpaetsxnwb/workflow/rules/gloriseq_dataprep.smk,0,0,0,0,0,0,0,0,0,0,0,0,0,0,0,0,0,0,0,0,0,0,0,0,0
glori_trim_umi,loganylchen,/tmp/tmpaetsxnwb/workflow/rules/gloriseq_dataprep.smk,0,0,0,0,0,0,0,0,0,0,0,0,0,0,0,0,0,0,0,0,0,0,0,0,0
run_gloritools,loganylchen,/tmp/tmpaetsxnwb/workflow/rules/gloritools.smk,0,0,0,0,0,0,0,0,0,0,0,0,0,0,0,0,0,0,0,0,0,0,0,0,0
run_gloritools_control,loganylchen,/tmp/tmpaetsxnwb/workflow/rules/gloritools.smk,0,0,0,0,0,0,0,0,0,0,0,0,0,0,0,0,0,0,0,0,0,0,0,0,0
all,brain-tools,/tmp/tmpvez430kj/workflow/Snakefile,0,0,0,0,0,0,0,0,0,0,0,0,0,0,0,0,0,0,0,0,0,0,0,0,0
check_config,brain-tools,/tmp/tmpvez430kj/workflow/Snakefile,0,0,0,0,0,0,0,0,0,0,0,0,0,0,0,0,0,0,0,0,0,0,0,0,0
prepare_features_or_targets,brain-tools,/tmp/tmpvez430kj/workflow/Snakefile,0,0,0,0,0,0,0,0,0,0,0,0,0,0,0,0,0,0,0,0,0,0,0,0,0
prepare_covariates,brain-tools,/tmp/tmpvez430kj/workflow/Snakefile,0,0,0,0,0,0,0,0,0,0,0,0,0,0,0,0,0,0,0,0,0,0,0,0,0
confound_correction,brain-tools,/tmp/tmpvez430kj/workflow/Snakefile,0,0,0,0,0,0,0,0,0,0,0,0,0,0,0,0,0,0,0,0,0,0,0,0,0
split,brain-tools,/tmp/tmpvez430kj/workflow/Snakefile,0,0,0,0,0,0,0,0,0,0,0,0,0,0,0,0,0,0,0,0,0,0,0,0,0
fit,brain-tools,/tmp/tmpvez430kj/workflow/Snakefile,0,0,0,0,0,0,0,0,0,0,0,0,0,0,0,0,0,0,0,0,0,0,0,0,0
aggregate,brain-tools,/tmp/tmpvez430kj/workflow/Snakefile,0,0,0,0,0,0,0,0,0,0,0,0,0,0,0,0,0,0,0,0,0,0,0,0,0
extrapolate,brain-tools,/tmp/tmpvez430kj/workflow/Snakefile,0,0,0,0,0,0,0,0,0,0,0,0,0,0,0,0,0,0,0,0,0,0,0,0,0
plot_individually,brain-tools,/tmp/tmpvez430kj/workflow/Snakefile,0,0,0,0,0,0,0,0,0,0,0,0,0,0,0,0,0,0,0,0,0,0,0,0,0
plot_by_features,brain-tools,/tmp/tmpvez430kj/workflow/Snakefile,0,0,0,0,0,0,0,0,0,0,0,0,0,0,0,0,0,0,0,0,0,0,0,0,0
plot_by_targets,brain-tools,/tmp/tmpvez430kj/workflow/Snakefile,0,0,0,0,0,0,0,0,0,0,0,0,0,0,0,0,0,0,0,0,0,0,0,0,0
plot_by_models,brain-tools,/tmp/tmpvez430kj/workflow/Snakefile,0,0,0,0,0,0,0,0,0,0,0,0,0,0,0,0,0,0,0,0,0,0,0,0,0
plot_by_cni,brain-tools,/tmp/tmpvez430kj/workflow/Snakefile,0,0,0,0,0,0,0,0,0,0,0,0,0,0,0,0,0,0,0,0,0,0,0,0,0
plot_hyperparameters,brain-tools,/tmp/tmpvez430kj/workflow/Snakefile,0,0,0,0,0,0,0,0,0,0,0,0,0,0,0,0,0,0,0,0,0,0,0,0,0
compress_results,brain-tools,/tmp/tmpvez430kj/workflow/Snakefile,0,0,0,0,0,0,0,0,0,0,0,0,0,0,0,0,0,0,0,0,0,0,0,0,0
all,brain-tools,/tmp/tmpvez430kj/tests/test_snakefile_submodule.smk,0,0,0,0,0,0,0,0,0,0,0,0,0,0,0,0,0,0,0,0,0,0,0,0,0
all,pd321,/tmp/tmpzz6xyad6/workflow/Snakefile,0,0,0,0,0,0,0,0,0,0,0,0,0,0,0,0,0,0,0,0,0,0,0,0,0
meRanCall,pd321,/tmp/tmpzz6xyad6/workflow/rules/calling.smk,0,0,0,0,0,0,0,0,0,0,0,0,0,0,0,0,0,0,0,0,0,0,0,0,0
get_transcript_fa,pd321,/tmp/tmpzz6xyad6/workflow/rules/ref.smk,0,0,0,0,0,0,0,0,0,0,0,0,0,0,0,0,0,0,0,0,0,0,0,0,0
make_transcript_fa_bsidx,pd321,/tmp/tmpzz6xyad6/workflow/rules/ref.smk,0,0,0,0,0,0,0,0,0,0,0,0,0,0,0,0,0,0,0,0,0,0,0,0,0
make_id2gene,pd321,/tmp/tmpzz6xyad6/workflow/rules/ref.smk,0,0,0,0,0,0,0,0,0,0,0,0,0,0,0,0,0,0,0,0,0,0,0,0,0
fastqc,pd321,/tmp/tmpzz6xyad6/workflow/rules/qc.smk,0,0,0,0,0,0,0,0,0,0,0,0,0,0,0,0,0,0,0,0,0,0,0,0,0
trimgalore,pd321,/tmp/tmpzz6xyad6/workflow/rules/qc.smk,0,0,0,0,0,0,0,0,0,0,0,0,0,0,0,0,0,0,0,0,0,0,0,0,0
meRanT,pd321,/tmp/tmpzz6xyad6/workflow/rules/mapping.smk,0,0,0,0,0,0,0,0,0,0,0,0,0,0,0,0,0,0,0,0,0,0,0,0,0
all,modelblocks-org,/tmp/tmp7d3wb2jf/workflow/Snakefile,0,0,0,0,0,0,0,0,0,0,0,0,0,0,0,0,0,0,0,0,0,0,0,0,0
aggregate_capacity,modelblocks-org,/tmp/tmp7d3wb2jf/workflow/rules/aggregate.smk,0,0,0,0,0,0,0,0,0,0,0,0,0,0,0,0,0,0,0,0,0,0,0,0,0
proxy_rooftop_pv,modelblocks-org,/tmp/tmp7d3wb2jf/workflow/rules/solar.smk,0,0,0,0,0,0,0,0,0,0,0,0,0,0,0,0,0,0,0,0,0,0,0,0,0
impute_adjustment_solar,modelblocks-org,/tmp/tmp7d3wb2jf/workflow/rules/solar.smk,0,0,0,0,0,0,0,0,0,0,0,0,0,0,0,0,0,0,0,0,0,0,0,0,0
prepare_hydropower,modelblocks-org,/tmp/tmp7d3wb2jf/workflow/rules/prepare.smk,0,0,0,0,0,0,0,0,0,0,0,0,0,0,0,0,0,0,0,0,0,0,0,0,0
prepare_large_solar,modelblocks-org,/tmp/tmp7d3wb2jf/workflow/rules/prepare.smk,0,0,0,0,0,0,0,0,0,0,0,0,0,0,0,0,0,0,0,0,0,0,0,0,0
prepare_bioenergy,modelblocks-org,/tmp/tmp7d3wb2jf/workflow/rules/prepare.smk,0,0,0,0,0,0,0,0,0,0,0,0,0,0,0,0,0,0,0,0,0,0,0,0,0
prepare_fossil,modelblocks-org,/tmp/tmp7d3wb2jf/workflow/rules/prepare.smk,0,0,0,0,0,0,0,0,0,0,0,0,0,0,0,0,0,0,0,0,0,0,0,0,0
prepare_nuclear,modelblocks-org,/tmp/tmp7d3wb2jf/workflow/rules/prepare.smk,0,0,0,0,0,0,0,0,0,0,0,0,0,0,0,0,0,0,0,0,0,0,0,0,0
prepare_geothermal,modelblocks-org,/tmp/tmp7d3wb2jf/workflow/rules/prepare.smk,0,0,0,0,0,0,0,0,0,0,0,0,0,0,0,0,0,0,0,0,0,0,0,0,0
prepare_statistics,modelblocks-org,/tmp/tmp7d3wb2jf/workflow/rules/prepare.smk,0,0,0,0,0,0,0,0,0,0,0,0,0,0,0,0,0,0,0,0,0,0,0,0,0
prepare_fuel_classes,modelblocks-org,/tmp/tmp7d3wb2jf/workflow/rules/prepare.smk,0,0,0,0,0,0,0,0,0,0,0,0,0,0,0,0,0,0,0,0,0,0,0,0,0
remap_fuel_classes,modelblocks-org,/tmp/tmp7d3wb2jf/workflow/rules/prepare.smk,0,0,0,0,0,0,0,0,0,0,0,0,0,0,0,0,0,0,0,0,0,0,0,0,0
prepare_shapes,modelblocks-org,/tmp/tmp7d3wb2jf/workflow/rules/prepare.smk,0,0,0,0,0,0,0,0,0,0,0,0,0,0,0,0,0,0,0,0,0,0,0,0,0
download_eia,modelblocks-org,/tmp/tmp7d3wb2jf/workflow/rules/automatic.smk,0,0,0,0,0,0,0,0,0,0,0,0,0,0,0,0,0,0,0,0,0,0,0,0,0
download_tz_sam,modelblocks-org,/tmp/tmp7d3wb2jf/workflow/rules/automatic.smk,0,0,0,0,0,0,0,0,0,0,0,0,0,0,0,0,0,0,0,0,0,0,0,0,0
download_glohydrores,modelblocks-org,/tmp/tmp7d3wb2jf/workflow/rules/automatic.smk,0,0,0,0,0,0,0,0,0,0,0,0,0,0,0,0,0,0,0,0,0,0,0,0,0
download_gem,modelblocks-org,/tmp/tmp7d3wb2jf/workflow/rules/automatic.smk,0,0,0,0,0,0,0,0,0,0,0,0,0,0,0,0,0,0,0,0,0,0,0,0,0
impute_location,modelblocks-org,/tmp/tmp7d3wb2jf/workflow/rules/impute.smk,0,0,0,0,0,0,0,0,0,0,0,0,0,0,0,0,0,0,0,0,0,0,0,0,0
impute_time,modelblocks-org,/tmp/tmp7d3wb2jf/workflow/rules/impute.smk,0,0,0,0,0,0,0,0,0,0,0,0,0,0,0,0,0,0,0,0,0,0,0,0,0
impute_capacity_adjustment,modelblocks-org,/tmp/tmp7d3wb2jf/workflow/rules/impute.smk,0,0,0,0,0,0,0,0,0,0,0,0,0,0,0,0,0,0,0,0,0,0,0,0,0
all,modelblocks-org,/tmp/tmp7d3wb2jf/tests/integration/Snakefile,0,0,0,0,0,0,0,0,0,0,0,0,0,0,0,0,0,0,0,0,0,0,0,0,0
all,modelblocks-org,/tmp/tmp0chr4mo8/workflow/Snakefile,0,0,0,0,0,0,0,0,0,0,0,0,0,0,0,0,0,0,0,0,0,0,0,0,0
aggregate_co2stop,modelblocks-org,/tmp/tmp0chr4mo8/workflow/rules/aggregate.smk,0,0,0,0,0,0,0,0,0,0,0,0,0,0,0,0,0,0,0,0,0,0,0,0,0
aggregate_totals,modelblocks-org,/tmp/tmp0chr4mo8/workflow/rules/aggregate.smk,0,0,0,0,0,0,0,0,0,0,0,0,0,0,0,0,0,0,0,0,0,0,0,0,0
prepare_co2stop_storage_units,modelblocks-org,/tmp/tmp0chr4mo8/workflow/rules/prepare.smk,0,0,0,0,0,0,0,0,0,0,0,0,0,0,0,0,0,0,0,0,0,0,0,0,0
prepare_co2stop_traps,modelblocks-org,/tmp/tmp0chr4mo8/workflow/rules/prepare.smk,0,0,0,0,0,0,0,0,0,0,0,0,0,0,0,0,0,0,0,0,0,0,0,0,0
download_co2stop,modelblocks-org,/tmp/tmp0chr4mo8/workflow/rules/automatic.smk,0,0,0,0,0,0,0,0,0,0,0,0,0,0,0,0,0,0,0,0,0,0,0,0,0
unzip_co2stop,modelblocks-org,/tmp/tmp0chr4mo8/workflow/rules/automatic.smk,0,0,0,0,0,0,0,0,0,0,0,0,0,0,0,0,0,0,0,0,0,0,0,0,0
all,modelblocks-org,/tmp/tmp0chr4mo8/tests/integration/Snakefile,0,0,0,0,0,0,0,0,0,0,0,0,0,0,0,0,0,0,0,0,0,0,0,0,0
all,NBISweden,/tmp/tmp50yt2fj9/workflow/Snakefile,0,0,0,0,0,0,0,0,0,0,0,0,0,0,0,0,0,0,0,0,0,0,0,0,0
all_map,NBISweden,/tmp/tmp50yt2fj9/workflow/Snakefile,0,0,0,0,0,0,0,0,0,0,0,0,0,0,0,0,0,0,0,0,0,0,0,0,0
all_map_expand,NBISweden,/tmp/tmp50yt2fj9/workflow/Snakefile,0,0,0,0,0,0,0,0,0,0,0,0,0,0,0,0,0,0,0,0,0,0,0,0,0
all_qc,NBISweden,/tmp/tmp50yt2fj9/workflow/Snakefile,0,0,0,0,0,0,0,0,0,0,0,0,0,0,0,0,0,0,0,0,0,0,0,0,0
picard_merge_sam,NBISweden,/tmp/tmp50yt2fj9/workflow/rules/utils.smk,0,0,0,0,0,0,0,0,0,0,0,0,0,0,0,0,0,0,0,1,0,0,0,0,0
qc_multiqc,NBISweden,/tmp/tmp50yt2fj9/workflow/rules/qc.smk,0,0,0,0,0,0,0,0,0,0,0,0,0,0,0,0,0,0,0,0,0,0,0,0,0
qc_fastqc,NBISweden,/tmp/tmp50yt2fj9/workflow/rules/qc.smk,0,0,0,0,0,0,0,0,0,0,0,0,0,0,0,0,0,0,0,0,0,0,0,0,0
qc_samtools_coverage,NBISweden,/tmp/tmp50yt2fj9/workflow/rules/qc.smk,0,0,0,0,0,0,0,0,0,0,0,0,0,0,0,0,0,0,0,0,0,0,0,0,0
qc_plot_samtools_coverage,NBISweden,/tmp/tmp50yt2fj9/workflow/rules/qc.smk,0,0,0,0,0,0,0,0,0,0,0,0,0,0,0,0,0,0,0,0,0,0,0,0,0
qc_plot_samtools_coverage_collate,NBISweden,/tmp/tmp50yt2fj9/workflow/rules/qc.smk,0,0,0,0,0,0,0,0,0,0,0,0,0,0,0,0,0,0,0,0,0,0,0,0,0
qc_notebook,NBISweden,/tmp/tmp50yt2fj9/workflow/rules/qc.smk,0,0,0,0,0,0,0,0,0,0,0,0,0,0,0,0,0,0,0,0,0,0,0,0,0
qc_rmarkdown,NBISweden,/tmp/tmp50yt2fj9/workflow/rules/qc.smk,0,0,0,0,0,0,0,0,0,0,0,0,0,0,0,0,0,0,0,0,0,0,0,0,0
map_bwa_index,NBISweden,/tmp/tmp50yt2fj9/workflow/rules/mapping.smk,0,0,0,0,0,0,0,0,0,0,0,0,0,0,0,0,0,0,0,1,0,0,0,0,0
map_bwa_mem,NBISweden,/tmp/tmp50yt2fj9/workflow/rules/mapping.smk,0,0,0,0,0,0,0,0,0,0,0,0,0,0,0,0,1,0,0,1,0,0,0,0,0
all,ohsu-cedar-comp-hub,/tmp/tmpu6mj78zs/Snakefile,0,0,0,0,0,0,0,0,0,0,0,0,0,0,0,0,0,0,0,0,0,0,0,0,0
generate_contrast_data_files,ohsu-cedar-comp-hub,/tmp/tmpu6mj78zs/rules/causal.smk,0,0,0,0,0,0,0,0,0,0,0,0,0,0,0,0,0,0,0,0,0,0,0,0,0
generate_correlation_data_files,ohsu-cedar-comp-hub,/tmp/tmpu6mj78zs/rules/causal.smk,0,0,0,0,0,0,0,0,0,0,0,0,0,0,0,0,0,0,0,0,0,0,0,0,0
run_causal_path,ohsu-cedar-comp-hub,/tmp/tmpu6mj78zs/rules/causal.smk,0,0,0,0,0,0,0,0,0,0,0,0,0,0,0,0,0,0,0,0,0,0,0,0,0
run_causal_path_correlation,ohsu-cedar-comp-hub,/tmp/tmpu6mj78zs/rules/causal.smk,0,0,0,0,0,0,0,0,0,0,0,0,0,0,0,0,0,0,0,0,0,0,0,0,0
all,ohsu-cedar-comp-hub,/tmp/tmpnunwnetv/Snakefile,0,0,0,0,0,0,0,0,0,0,0,0,0,0,0,0,0,0,0,0,0,0,0,0,0
insertion_profile,ohsu-cedar-comp-hub,/tmp/tmpnunwnetv/rules/omic_qc.smk,0,0,0,0,0,0,0,0,0,0,0,0,0,0,0,0,0,0,0,0,0,0,0,0,0
inner_distance,ohsu-cedar-comp-hub,/tmp/tmpnunwnetv/rules/omic_qc.smk,0,0,0,0,0,0,0,0,0,0,0,0,0,0,0,0,0,0,0,0,0,0,0,0,0
clipping_profile,ohsu-cedar-comp-hub,/tmp/tmpnunwnetv/rules/omic_qc.smk,0,0,0,0,0,0,0,0,0,0,0,0,0,0,0,0,0,0,0,0,0,0,0,0,0
read_distribution,ohsu-cedar-comp-hub,/tmp/tmpnunwnetv/rules/omic_qc.smk,0,0,0,0,0,0,0,0,0,0,0,0,0,0,0,0,0,0,0,0,0,0,0,0,0
read_GC,ohsu-cedar-comp-hub,/tmp/tmpnunwnetv/rules/omic_qc.smk,0,0,0,0,0,0,0,0,0,0,0,0,0,0,0,0,0,0,0,0,0,0,0,0,0
trim_bbduk,ohsu-cedar-comp-hub,/tmp/tmpnunwnetv/rules/align_rmdp.smk,0,0,0,0,0,0,0,0,0,0,0,0,0,0,0,0,0,0,0,0,0,0,0,0,0
afterqc_filter,ohsu-cedar-comp-hub,/tmp/tmpnunwnetv/rules/align_rmdp.smk,0,0,0,0,0,0,0,0,0,0,0,0,0,0,0,0,0,0,0,0,0,0,0,0,0
fastqscreen,ohsu-cedar-comp-hub,/tmp/tmpnunwnetv/rules/align_rmdp.smk,0,0,0,0,0,0,0,0,0,0,0,0,0,0,0,0,0,0,0,0,0,0,0,0,0
fastqc,ohsu-cedar-comp-hub,/tmp/tmpnunwnetv/rules/align_rmdp.smk,0,0,0,0,0,0,0,0,0,0,0,0,0,0,0,0,0,0,0,0,0,0,0,0,0
STAR,ohsu-cedar-comp-hub,/tmp/tmpnunwnetv/rules/align_rmdp.smk,0,0,0,0,0,0,0,0,0,0,0,0,0,0,0,0,0,0,0,0,0,0,0,0,0
index,ohsu-cedar-comp-hub,/tmp/tmpnunwnetv/rules/align_rmdp.smk,0,0,0,0,0,0,0,0,0,0,0,0,0,0,0,0,0,0,0,0,0,0,0,0,0
star_statistics,ohsu-cedar-comp-hub,/tmp/tmpnunwnetv/rules/align_rmdp.smk,0,0,0,0,0,0,0,0,0,0,0,0,0,0,0,0,0,0,0,0,0,0,0,0,0
compile_star_counts,ohsu-cedar-comp-hub,/tmp/tmpnunwnetv/rules/align_rmdp.smk,0,0,0,0,0,0,0,0,0,0,0,0,0,0,0,0,0,0,0,0,0,0,0,0,0
filter_counts,ohsu-cedar-comp-hub,/tmp/tmpnunwnetv/rules/align_rmdp.smk,0,0,0,0,0,0,0,0,0,0,0,0,0,0,0,0,0,0,0,0,0,0,0,0,0
deseq2_init,ohsu-cedar-comp-hub,/tmp/tmpnunwnetv/rules/deseq.smk,0,0,0,0,0,0,0,0,0,0,0,0,0,0,0,0,0,0,0,0,0,0,0,0,0
deseq2_pairwise,ohsu-cedar-comp-hub,/tmp/tmpnunwnetv/rules/deseq.smk,0,0,0,0,0,0,0,0,0,0,0,0,0,0,0,0,0,0,0,0,0,0,0,0,0
deseq2_group,ohsu-cedar-comp-hub,/tmp/tmpnunwnetv/rules/deseq.smk,0,0,0,0,0,0,0,0,0,0,0,0,0,0,0,0,0,0,0,0,0,0,0,0,0
deseq2_QC,ohsu-cedar-comp-hub,/tmp/tmpnunwnetv/rules/deseq.smk,0,0,0,0,0,0,0,0,0,0,0,0,0,0,0,0,0,0,0,0,0,0,0,0,0
deseq2_qplot,ohsu-cedar-comp-hub,/tmp/tmpnunwnetv/rules/deseq.smk,0,0,0,0,0,0,0,0,0,0,0,0,0,0,0,0,0,0,0,0,0,0,0,0,0
deseq2_density,ohsu-cedar-comp-hub,/tmp/tmpnunwnetv/rules/deseq.smk,0,0,0,0,0,0,0,0,0,0,0,0,0,0,0,0,0,0,0,0,0,0,0,0,0
GO,ohsu-cedar-comp-hub,/tmp/tmpnunwnetv/rules/deseq.smk,0,0,0,0,0,0,0,0,0,0,0,0,0,0,0,0,0,0,0,0,0,0,0,0,0
volcano,ohsu-cedar-comp-hub,/tmp/tmpnunwnetv/rules/deseq.smk,0,0,0,0,0,0,0,0,0,0,0,0,0,0,0,0,0,0,0,0,0,0,0,0,0
permutation,ohsu-cedar-comp-hub,/tmp/tmpnunwnetv/rules/deseq.smk,0,0,0,0,0,0,0,0,0,0,0,0,0,0,0,0,0,0,0,0,0,0,0,0,0
run_glimma,ohsu-cedar-comp-hub,/tmp/tmpnunwnetv/rules/deseq.smk,0,0,0,0,0,0,0,0,0,0,0,0,0,0,0,0,0,0,0,0,0,0,0,0,0
run_glimma_mds,ohsu-cedar-comp-hub,/tmp/tmpnunwnetv/rules/deseq.smk,0,0,0,0,0,0,0,0,0,0,0,0,0,0,0,0,0,0,0,0,0,0,0,0,0
all,ohsu-cedar-comp-hub,/tmp/tmp3098ikcz/Snakefile,0,0,0,0,0,0,0,0,0,0,0,0,0,0,0,0,0,0,0,0,0,0,0,0,0
insertion_profile,ohsu-cedar-comp-hub,/tmp/tmp3098ikcz/rules/omic_qc.smk,0,0,0,0,0,0,0,0,0,0,0,0,0,0,0,0,0,0,0,0,0,0,0,0,0
clipping_profile,ohsu-cedar-comp-hub,/tmp/tmp3098ikcz/rules/omic_qc.smk,0,0,0,0,0,0,0,0,0,0,0,0,0,0,0,0,0,0,0,0,0,0,0,0,0
read_distribution,ohsu-cedar-comp-hub,/tmp/tmp3098ikcz/rules/omic_qc.smk,0,0,0,0,0,0,0,0,0,0,0,0,0,0,0,0,0,0,0,0,0,0,0,0,0
read_GC,ohsu-cedar-comp-hub,/tmp/tmp3098ikcz/rules/omic_qc.smk,0,0,0,0,0,0,0,0,0,0,0,0,0,0,0,0,0,0,0,0,0,0,0,0,0
trimming,ohsu-cedar-comp-hub,/tmp/tmp3098ikcz/rules/align_rmdp.smk,0,0,0,0,0,0,0,0,0,0,0,0,0,0,0,0,0,0,0,0,0,0,0,0,0
fastqc,ohsu-cedar-comp-hub,/tmp/tmp3098ikcz/rules/align_rmdp.smk,0,0,0,0,0,0,0,0,0,0,0,0,0,0,0,0,0,0,0,0,0,0,0,0,0
fastqscreen,ohsu-cedar-comp-hub,/tmp/tmp3098ikcz/rules/align_rmdp.smk,0,0,0,0,0,0,0,0,0,0,0,0,0,0,0,0,0,0,0,0,0,0,0,0,0
STAR,ohsu-cedar-comp-hub,/tmp/tmp3098ikcz/rules/align_rmdp.smk,0,0,0,0,0,0,0,0,0,0,0,0,0,0,0,0,0,0,0,0,0,0,0,0,0
index,ohsu-cedar-comp-hub,/tmp/tmp3098ikcz/rules/align_rmdp.smk,0,0,0,0,0,0,0,0,0,0,0,0,0,0,0,0,0,0,0,0,0,0,0,0,0
star_statistics,ohsu-cedar-comp-hub,/tmp/tmp3098ikcz/rules/align_rmdp.smk,0,0,0,0,0,0,0,0,0,0,0,0,0,0,0,0,0,0,0,0,0,0,0,0,0
compile_star_counts,ohsu-cedar-comp-hub,/tmp/tmp3098ikcz/rules/align_rmdp.smk,0,0,0,0,0,0,0,0,0,0,0,0,0,0,0,0,0,0,0,0,0,0,0,0,0
filter_counts,ohsu-cedar-comp-hub,/tmp/tmp3098ikcz/rules/align_rmdp.smk,0,0,0,0,0,0,0,0,0,0,0,0,0,0,0,0,0,0,0,0,0,0,0,0,0
deseq2_init,ohsu-cedar-comp-hub,/tmp/tmp3098ikcz/rules/deseq.smk,0,0,0,0,0,0,0,0,0,0,0,0,0,0,0,0,0,0,0,0,0,0,0,0,0
deseq2_pairwise,ohsu-cedar-comp-hub,/tmp/tmp3098ikcz/rules/deseq.smk,0,0,0,0,0,0,0,0,0,0,0,0,0,0,0,0,0,0,0,0,0,0,0,0,0
deseq2_group,ohsu-cedar-comp-hub,/tmp/tmp3098ikcz/rules/deseq.smk,0,0,0,0,0,0,0,0,0,0,0,0,0,0,0,0,0,0,0,0,0,0,0,0,0
deseq2_QC,ohsu-cedar-comp-hub,/tmp/tmp3098ikcz/rules/deseq.smk,0,0,0,0,0,0,0,0,0,0,0,0,0,0,0,0,0,0,0,0,0,0,0,0,0
deseq2_qplot,ohsu-cedar-comp-hub,/tmp/tmp3098ikcz/rules/deseq.smk,0,0,0,0,0,0,0,0,0,0,0,0,0,0,0,0,0,0,0,0,0,0,0,0,0
deseq2_density,ohsu-cedar-comp-hub,/tmp/tmp3098ikcz/rules/deseq.smk,0,0,0,0,0,0,0,0,0,0,0,0,0,0,0,0,0,0,0,0,0,0,0,0,0
GO,ohsu-cedar-comp-hub,/tmp/tmp3098ikcz/rules/deseq.smk,0,0,0,0,0,0,0,0,0,0,0,0,0,0,0,0,0,0,0,0,0,0,0,0,0
volcano,ohsu-cedar-comp-hub,/tmp/tmp3098ikcz/rules/deseq.smk,0,0,0,0,0,0,0,0,0,0,0,0,0,0,0,0,0,0,0,0,0,0,0,0,0
permutation,ohsu-cedar-comp-hub,/tmp/tmp3098ikcz/rules/deseq.smk,0,0,0,0,0,0,0,0,0,0,0,0,0,0,0,0,0,0,0,0,0,0,0,0,0
run_glimma,ohsu-cedar-comp-hub,/tmp/tmp3098ikcz/rules/deseq.smk,0,0,0,0,0,0,0,0,0,0,0,0,0,0,0,0,0,0,0,0,0,0,0,0,0
run_glimma_mds,ohsu-cedar-comp-hub,/tmp/tmp3098ikcz/rules/deseq.smk,0,0,0,0,0,0,0,0,0,0,0,0,0,0,0,0,0,0,0,0,0,0,0,0,0
all,DSiB-G2,/tmp/tmp35hhhnjg/workflow/Snakefile,0,0,0,0,0,0,0,0,0,0,0,0,0,0,0,0,0,0,0,0,0,0,0,0,0
pangolin_la,DSiB-G2,/tmp/tmp35hhhnjg/workflow/rules/lineage_assignment.smk,0,0,0,0,0,0,0,0,0,0,0,0,0,0,0,0,0,0,0,0,0,0,0,0,0
fastp_pe,DSiB-G2,/tmp/tmp35hhhnjg/workflow/rules/preprocess.smk,0,0,0,0,0,0,0,0,0,0,0,0,0,0,0,0,0,0,0,0,0,0,0,0,0
bwa_index,DSiB-G2,/tmp/tmp35hhhnjg/workflow/rules/aligning.smk,0,0,0,0,0,0,0,0,0,0,0,0,0,0,0,0,0,0,0,0,0,0,0,0,0
bwa_mem,DSiB-G2,/tmp/tmp35hhhnjg/workflow/rules/aligning.smk,0,0,0,0,0,0,0,0,0,0,0,0,0,0,0,0,0,0,0,0,0,0,0,0,0
samtools_sort,DSiB-G2,/tmp/tmp35hhhnjg/workflow/rules/aligning.smk,0,0,0,0,0,0,0,0,0,0,0,0,0,0,0,0,0,0,0,0,0,0,0,0,0
metaspades_assembly,DSiB-G2,/tmp/tmp35hhhnjg/workflow/rules/de-novo.smk,0,0,0,0,0,0,0,0,0,0,0,0,0,0,0,1,0,0,0,0,0,0,0,0,0
ragtag_scaffold,DSiB-G2,/tmp/tmp35hhhnjg/workflow/rules/de-novo.smk,0,0,0,0,0,0,0,0,0,0,0,0,0,0,0,0,0,0,0,0,0,0,0,0,0
bcftools_mpileup,DSiB-G2,/tmp/tmp35hhhnjg/workflow/rules/calling.smk,0,0,0,0,0,0,0,0,0,0,0,0,0,0,0,0,0,0,0,0,0,0,0,0,0
bcftools_call,DSiB-G2,/tmp/tmp35hhhnjg/workflow/rules/calling.smk,0,0,0,0,0,0,0,0,0,0,0,0,0,0,0,0,0,0,0,0,0,0,0,0,0
bcftools_index,DSiB-G2,/tmp/tmp35hhhnjg/workflow/rules/calling.smk,0,0,0,0,0,0,0,0,0,0,0,0,0,0,0,0,0,0,0,0,0,0,0,0,0
bcf_consensus,DSiB-G2,/tmp/tmp35hhhnjg/workflow/rules/calling.smk,0,0,0,0,0,0,0,0,0,0,0,0,0,0,0,0,0,0,0,0,0,0,0,0,0
csv_report,DSiB-G2,/tmp/tmp35hhhnjg/workflow/rules/table_report.smk,0,0,0,0,0,0,0,0,0,0,0,0,0,0,0,0,0,0,0,0,0,0,0,0,0
generate_report,DSiB-G2,/tmp/tmp35hhhnjg/workflow/rules/generate_report.smk,0,0,0,0,0,0,0,0,0,0,0,0,0,0,0,0,0,0,0,0,0,0,0,0,0
all,aryazand,/tmp/tmpfkq564gd/workflow/Snakefile,0,0,0,0,0,0,0,0,0,0,0,0,0,0,0,0,0,0,0,0,0,0,0,0,0
faToTwoBit,aryazand,/tmp/tmpfkq564gd/workflow/rules/genome.smk,0,0,0,0,0,0,0,0,0,0,0,0,0,0,0,0,0,0,0,0,0,0,0,0,0
get_chrom_sizes,aryazand,/tmp/tmpfkq564gd/workflow/rules/genome.smk,0,0,0,0,0,0,0,0,0,0,0,0,0,0,0,0,0,0,0,0,0,0,0,0,0
gff3_to_genepred,aryazand,/tmp/tmpfkq564gd/workflow/rules/annotation.smk,0,0,0,0,0,0,0,0,0,0,0,0,0,0,0,0,0,0,0,0,0,0,0,0,0
genepred_to_bgpinput,aryazand,/tmp/tmpfkq564gd/workflow/rules/annotation.smk,0,0,0,0,0,0,0,0,0,0,0,0,0,0,0,0,0,0,0,0,0,0,0,0,0
bgpinput_to_biggenepred,aryazand,/tmp/tmpfkq564gd/workflow/rules/annotation.smk,0,0,0,0,0,0,0,0,0,0,0,0,0,0,0,0,0,0,0,0,0,0,0,0,0
ucsc_trackhub,aryazand,/tmp/tmpfkq564gd/workflow/rules/ucsc_trackhub.smk,0,0,0,0,0,0,0,0,0,0,0,0,0,0,0,0,0,0,0,0,0,0,0,0,0
all,aryazand,/tmp/tmp7wm996ew/workflow/Snakefile,0,0,0,0,0,0,0,0,0,0,0,0,0,0,0,0,0,0,0,0,0,0,0,0,0
samtools_sort,aryazand,/tmp/tmp7wm996ew/workflow/rules/bam_to_cram.smk,0,0,0,0,0,0,0,0,0,0,0,0,0,0,0,0,0,0,0,0,0,0,0,0,0
bam_to_cram,aryazand,/tmp/tmp7wm996ew/workflow/rules/bam_to_cram.smk,0,0,0,0,0,0,0,0,0,0,0,0,0,0,0,0,0,0,0,0,0,0,0,0,0
index_cram,aryazand,/tmp/tmp7wm996ew/workflow/rules/bam_to_cram.smk,0,0,0,0,0,0,0,0,0,0,0,0,0,0,0,0,0,0,0,0,0,0,0,0,0
samtools_filter,aryazand,/tmp/tmp7wm996ew/workflow/rules/process_bam.smk,0,0,0,0,0,0,0,0,0,0,0,0,0,0,0,0,0,0,0,0,0,0,0,0,0
remove_overhang,aryazand,/tmp/tmp7wm996ew/workflow/rules/process_bam.smk,0,0,0,0,0,0,0,0,0,0,0,0,0,0,0,0,0,0,0,0,0,0,0,0,0
sort_umitools_input,aryazand,/tmp/tmp7wm996ew/workflow/rules/process_bam.smk,0,0,0,0,0,0,0,0,0,0,0,0,0,0,0,0,0,0,0,0,0,0,0,0,0
index_umitools_input,aryazand,/tmp/tmp7wm996ew/workflow/rules/process_bam.smk,0,0,0,0,0,0,0,0,0,0,0,0,0,0,0,0,0,0,0,0,0,0,0,0,0
umi_tools_dedup,aryazand,/tmp/tmp7wm996ew/workflow/rules/process_bam.smk,0,0,0,0,0,0,0,0,0,0,0,0,0,0,0,0,0,0,0,0,0,0,0,0,0
bam_to_cram_post_processing,aryazand,/tmp/tmp7wm996ew/workflow/rules/process_bam.smk,0,0,0,0,0,0,0,0,0,0,0,0,0,0,0,0,0,0,0,0,0,0,0,0,0
index_cram_post_processing,aryazand,/tmp/tmp7wm996ew/workflow/rules/process_bam.smk,0,0,0,0,0,0,0,0,0,0,0,0,0,0,0,0,0,0,0,0,0,0,0,0,0
gffread_gff,aryazand,/tmp/tmp7wm996ew/workflow/rules/mapping_stats.smk,0,0,0,0,0,0,0,0,0,0,0,0,0,0,0,0,0,0,0,0,0,0,0,0,0
rseqc_infer_experiment,aryazand,/tmp/tmp7wm996ew/workflow/rules/mapping_stats.smk,0,0,0,0,0,0,0,0,0,0,0,0,0,0,0,0,0,0,0,0,0,0,0,0,0
rseqc_bam_stat,aryazand,/tmp/tmp7wm996ew/workflow/rules/mapping_stats.smk,0,0,0,0,0,0,0,0,0,0,0,0,0,0,0,0,0,0,0,0,0,0,0,0,0
deeptools_coverage,aryazand,/tmp/tmp7wm996ew/workflow/rules/mapping_stats.smk,0,0,0,0,0,0,0,0,0,0,0,0,0,0,0,0,0,0,0,0,0,0,0,0,0
bwa_mem2_index,aryazand,/tmp/tmp7wm996ew/workflow/rules/bwamem2.smk,0,0,0,0,0,0,0,0,0,0,0,0,0,0,0,0,0,0,0,0,0,0,0,0,0
bwa_mem2,aryazand,/tmp/tmp7wm996ew/workflow/rules/bwamem2.smk,0,0,0,0,0,0,0,0,0,0,0,0,0,0,0,0,0,0,0,0,0,0,0,0,0
minimap2_index,aryazand,/tmp/tmp7wm996ew/workflow/rules/minimap2.smk,0,0,0,0,0,0,0,0,0,0,0,0,0,0,0,0,0,0,0,0,0,0,0,0,0
minimap2_align,aryazand,/tmp/tmp7wm996ew/workflow/rules/minimap2.smk,0,0,0,0,0,0,0,0,0,0,0,0,0,0,0,0,0,0,0,0,0,0,0,0,0
add_overhang_for_circular_chromosomes,aryazand,/tmp/tmp7wm996ew/workflow/rules/overhang.smk,0,0,0,0,0,0,0,0,0,0,0,0,0,0,0,0,0,0,0,0,0,0,0,0,0
index_genome_with_overhang_chromosomes,aryazand,/tmp/tmp7wm996ew/workflow/rules/overhang.smk,0,0,0,0,0,0,0,0,0,0,0,0,0,0,0,0,0,0,0,0,0,0,0,0,0
fastqc,aryazand,/tmp/tmp7wm996ew/workflow/rules/qc.smk,0,0,0,0,0,0,0,0,0,0,0,0,0,0,0,0,1,0,0,0,0,0,0,0,0
multiqc,aryazand,/tmp/tmp7wm996ew/workflow/rules/qc.smk,0,0,0,0,0,0,0,0,0,0,0,0,0,0,0,0,0,0,0,0,0,0,0,0,0
get_genome,aryazand,/tmp/tmp7wm996ew/workflow/rules/get_genome.smk,0,0,0,0,0,0,0,0,0,0,0,0,0,0,0,0,0,0,0,0,0,0,0,0,0
get_fastq,aryazand,/tmp/tmp7wm996ew/workflow/rules/process_reads.smk,0,0,0,0,0,0,0,0,0,0,0,0,0,0,0,0,0,0,0,0,0,0,0,0,0
umi_tools_extract,aryazand,/tmp/tmp7wm996ew/workflow/rules/process_reads.smk,0,0,0,0,0,0,0,0,0,0,0,0,0,0,0,0,0,0,0,0,0,0,0,0,0
fastp,aryazand,/tmp/tmp7wm996ew/workflow/rules/process_reads.smk,0,0,0,0,0,0,0,0,0,0,0,0,0,0,0,0,1,0,0,0,0,0,0,0,0
trim_galore,aryazand,/tmp/tmp7wm996ew/workflow/rules/process_reads.smk,0,0,0,0,0,0,0,0,0,0,0,0,0,0,0,0,0,0,0,0,0,0,0,0,0
star_index,aryazand,/tmp/tmp7wm996ew/workflow/rules/star.smk,0,0,0,0,0,0,0,0,0,0,0,0,0,0,0,0,0,0,0,0,0,0,0,0,0
star_align,aryazand,/tmp/tmp7wm996ew/workflow/rules/star.smk,0,0,0,0,0,0,0,0,0,0,0,0,0,0,0,0,0,0,0,0,0,0,0,0,0
bowtie2_build,aryazand,/tmp/tmp7wm996ew/workflow/rules/bowtie2.smk,0,0,0,0,0,0,0,0,0,0,0,0,0,0,0,0,0,0,0,0,0,0,0,0,0
bowtie2_align,aryazand,/tmp/tmp7wm996ew/workflow/rules/bowtie2.smk,0,0,0,0,0,0,0,0,0,0,0,0,0,0,0,0,0,0,0,0,0,0,0,0,0
all,glbala87,/tmp/tmp_eznrun6/Snakefile,0,0,0,0,0,0,0,0,0,0,0,0,0,0,0,0,0,0,0,0,0,0,0,0,0
run_pipeline,glbala87,/tmp/tmp_eznrun6/Snakefile,0,0,0,0,0,0,0,0,0,0,0,0,0,0,0,0,0,0,0,0,0,0,0,0,0
aggregate_results,glbala87,/tmp/tmp_eznrun6/Snakefile,0,0,0,0,0,0,0,0,0,0,0,0,0,0,0,0,0,0,0,0,0,0,0,0,0
all,biodiversitydata-se,/tmp/tmp7zft18cy/workflow/Snakefile,0,0,0,0,0,0,0,0,0,0,0,0,0,0,0,0,0,0,0,0,0,0,0,0,0
qc_report,biodiversitydata-se,/tmp/tmp7zft18cy/workflow/Snakefile,0,0,0,0,0,0,0,0,0,0,0,0,0,0,0,0,0,0,0,0,0,0,0,0,0
trim,biodiversitydata-se,/tmp/tmp7zft18cy/workflow/Snakefile,0,0,0,0,0,0,0,0,0,0,0,0,0,0,0,0,0,0,0,0,0,0,0,0,0
zip,biodiversitydata-se,/tmp/tmp7zft18cy/workflow/Snakefile,0,0,0,0,0,0,0,0,0,0,0,0,0,0,0,0,0,0,0,0,0,0,0,0,0
output_samples,biodiversitydata-se,/tmp/tmp7zft18cy/workflow/Snakefile,0,0,0,0,0,0,0,0,0,0,0,0,0,0,0,0,0,0,0,0,0,0,0,0,0
cutadapt1,biodiversitydata-se,/tmp/tmp7zft18cy/workflow/Snakefile,0,0,0,0,0,0,0,0,0,0,0,0,0,0,0,0,0,0,0,1,0,0,0,0,0
cutadapt2,biodiversitydata-se,/tmp/tmp7zft18cy/workflow/Snakefile,0,0,0,0,0,0,0,0,0,0,0,0,0,0,0,0,0,0,0,1,0,0,0,0,0
cutadapt3,biodiversitydata-se,/tmp/tmp7zft18cy/workflow/Snakefile,0,0,0,0,0,0,0,0,0,0,0,0,0,0,0,0,0,0,0,1,0,0,0,0,0
cutadapt4,biodiversitydata-se,/tmp/tmp7zft18cy/workflow/Snakefile,0,0,0,0,0,0,0,0,0,0,0,0,0,0,0,0,0,0,0,1,0,0,0,0,0
rename_logs,biodiversitydata-se,/tmp/tmp7zft18cy/workflow/Snakefile,0,0,0,0,0,0,0,0,0,0,0,0,0,0,0,0,0,0,0,0,0,0,0,0,0
fastqc,biodiversitydata-se,/tmp/tmp7zft18cy/workflow/Snakefile,0,0,0,0,0,0,0,0,0,0,0,0,0,0,0,0,0,0,0,1,0,0,0,0,0
multiqc,biodiversitydata-se,/tmp/tmp7zft18cy/workflow/Snakefile,0,0,0,0,0,0,0,0,0,0,0,0,0,0,0,0,0,0,0,0,0,0,0,0,0
all,WEHIGenomicsRnD,/tmp/tmpxt3oam36/workflow/Snakefile,0,0,0,0,0,0,0,0,0,0,0,0,0,0,0,0,0,0,0,0,0,0,0,0,0
transfer,WEHIGenomicsRnD,/tmp/tmpxt3oam36/workflow/rules/transfer_cli.smk,0,0,0,0,0,0,0,0,0,0,0,0,0,0,0,0,0,0,0,0,0,0,0,0,0
calculate_checksums,WEHIGenomicsRnD,/tmp/tmpxt3oam36/workflow/rules/archive.smk,0,0,0,0,0,0,0,0,0,0,0,0,0,0,0,0,0,0,0,0,0,0,0,0,0
calculate_archive_checksums,WEHIGenomicsRnD,/tmp/tmpxt3oam36/workflow/rules/archive.smk,0,0,0,0,0,0,0,0,0,0,0,0,0,0,0,0,0,0,0,0,0,0,0,0,0
tar_reports,WEHIGenomicsRnD,/tmp/tmpxt3oam36/workflow/rules/archive.smk,0,0,0,0,0,0,0,0,0,0,0,0,0,0,0,0,0,0,0,0,0,0,0,0,0
archive_complete,WEHIGenomicsRnD,/tmp/tmpxt3oam36/workflow/rules/archive.smk,0,0,0,0,0,0,0,0,0,0,0,0,0,0,0,0,0,0,0,0,0,0,0,0,0
test_all,hzi-bifo,/tmp/tmp7mj4bik6/.test/Snakefile,0,0,0,0,0,0,0,0,0,0,0,0,0,0,0,0,0,0,0,0,0,0,0,0,0
test_output,hzi-bifo,/tmp/tmp7mj4bik6/.test/Snakefile,0,0,0,0,0,0,0,0,0,0,0,0,0,0,0,0,0,0,0,0,0,0,0,0,0
all,hzi-bifo,/tmp/tmp7mj4bik6/workflow/Snakefile,0,0,0,0,0,0,0,0,0,0,0,0,0,0,0,0,0,0,0,0,0,0,0,0,0
falco,hzi-bifo,/tmp/tmp7mj4bik6/workflow/rules/qc.smk,0,0,0,0,0,0,0,0,0,0,0,0,0,0,0,0,0,0,0,0,0,0,0,0,0
download_univec,hzi-bifo,/tmp/tmp7mj4bik6/workflow/rules/univec.smk,0,0,0,0,0,0,0,0,0,0,0,0,0,0,0,0,0,0,0,0,0,0,0,0,0
bwa_index,hzi-bifo,/tmp/tmp7mj4bik6/workflow/rules/univec.smk,0,0,0,0,0,0,0,0,0,0,0,0,0,0,0,0,0,0,0,0,0,0,0,0,0
bwa_mem,hzi-bifo,/tmp/tmp7mj4bik6/workflow/rules/univec.smk,0,0,0,0,0,0,0,0,0,0,0,0,0,0,0,0,0,0,0,0,0,0,0,0,0
bam_2_unmapped_paired_fq,hzi-bifo,/tmp/tmp7mj4bik6/workflow/rules/univec.smk,0,0,0,0,0,0,0,0,0,0,0,0,0,0,0,0,0,0,0,0,0,0,0,0,0
all,dbespiatykh,/tmp/tmpdmpirt9a/workflow/Snakefile,0,0,0,0,0,0,0,0,0,0,0,0,0,0,0,0,0,0,0,0,0,0,0,0,0
gatk_haplotype_caller,dbespiatykh,/tmp/tmpdmpirt9a/workflow/rules/calling.smk,0,0,0,0,0,0,0,0,0,0,0,0,0,0,0,0,1,0,0,0,0,0,0,0,0
gatk_genomics_db_import,dbespiatykh,/tmp/tmpdmpirt9a/workflow/rules/calling.smk,0,0,0,0,0,0,0,0,0,0,0,0,0,0,0,0,1,0,0,0,0,0,0,0,0
gatk_genotype_gvcfs,dbespiatykh,/tmp/tmpdmpirt9a/workflow/rules/calling.smk,0,0,0,0,0,0,0,0,0,0,0,0,0,0,0,0,1,0,0,0,0,0,0,0,0
gatk_filter_variants,dbespiatykh,/tmp/tmpdmpirt9a/workflow/rules/calling.smk,0,0,0,0,0,0,0,0,0,0,0,0,0,0,0,0,1,0,0,0,0,0,0,0,0
gatk_left_align_and_trim_variants,dbespiatykh,/tmp/tmpdmpirt9a/workflow/rules/calling.smk,0,0,0,0,0,0,0,0,0,0,0,0,0,0,0,0,1,0,0,0,0,0,0,0,0
gatk_select_variants,dbespiatykh,/tmp/tmpdmpirt9a/workflow/rules/calling.smk,0,0,0,0,0,0,0,0,0,0,0,0,0,0,0,0,1,0,0,0,0,0,0,0,0
gatk_variants_to_table,dbespiatykh,/tmp/tmpdmpirt9a/workflow/rules/calling.smk,0,0,0,0,0,0,0,0,0,0,0,0,0,0,0,0,0,0,0,0,0,0,0,0,0
bwa_mem_mapping,dbespiatykh,/tmp/tmpdmpirt9a/workflow/rules/mapping.smk,0,0,0,0,0,0,0,0,0,0,0,0,0,0,0,0,0,0,0,0,0,0,0,0,0
sambamba_mark_duplicates,dbespiatykh,/tmp/tmpdmpirt9a/workflow/rules/mapping.smk,0,0,0,0,0,0,0,0,0,0,0,0,0,0,0,0,0,0,0,0,0,0,0,0,0
download_genome,dbespiatykh,/tmp/tmpdmpirt9a/workflow/rules/reference.smk,0,0,0,0,0,0,0,0,0,0,0,0,0,0,0,0,0,1,0,0,0,0,0,0,0
samtools_genome_index,dbespiatykh,/tmp/tmpdmpirt9a/workflow/rules/reference.smk,0,0,0,0,0,0,0,0,0,0,0,0,0,0,0,0,0,0,0,0,0,0,0,0,0
picard_create_dict,dbespiatykh,/tmp/tmpdmpirt9a/workflow/rules/reference.smk,0,0,0,0,0,0,0,0,0,0,0,0,0,0,0,0,1,0,0,0,0,0,0,0,0
bwa_index,dbespiatykh,/tmp/tmpdmpirt9a/workflow/rules/reference.smk,0,0,0,0,0,0,0,0,0,0,0,0,0,0,0,0,0,0,0,0,0,0,0,0,0
barcode_snps,dbespiatykh,/tmp/tmpdmpirt9a/workflow/rules/barcoding.smk,0,0,0,0,0,0,0,0,0,0,0,0,0,0,0,0,0,0,0,0,0,0,0,0,0
barcode_levels,dbespiatykh,/tmp/tmpdmpirt9a/workflow/rules/barcoding.smk,0,0,0,0,0,0,0,0,0,0,0,0,0,0,0,0,0,0,0,0,0,0,0,0,0
all,dbespiatykh,/tmp/tmpmm1f18ib/workflow/Snakefile,0,0,0,0,0,0,0,0,0,0,0,0,0,0,0,0,0,0,0,0,0,0,0,0,0
compute_coverage,dbespiatykh,/tmp/tmpmm1f18ib/workflow/rules/novel_discovery.smk,0,0,0,0,0,0,0,0,0,0,0,0,0,0,0,0,0,0,0,0,0,0,0,0,0
make_vcf,dbespiatykh,/tmp/tmpmm1f18ib/workflow/rules/novel_discovery.smk,0,0,0,0,0,0,0,0,0,0,0,0,0,0,0,0,0,0,0,0,0,0,0,0,0
clean_vcf,dbespiatykh,/tmp/tmpmm1f18ib/workflow/rules/novel_discovery.smk,0,0,0,0,0,0,0,0,0,0,0,0,0,0,0,0,0,0,0,0,0,0,0,0,0
bgzip,dbespiatykh,/tmp/tmpmm1f18ib/workflow/rules/novel_discovery.smk,0,0,0,0,0,0,0,0,0,0,0,0,0,0,0,0,0,0,0,0,0,0,0,0,0
bcftools_index,dbespiatykh,/tmp/tmpmm1f18ib/workflow/rules/novel_discovery.smk,0,0,0,0,0,0,0,0,0,0,0,0,0,0,0,0,0,0,0,0,0,0,0,0,0
filter_vcf,dbespiatykh,/tmp/tmpmm1f18ib/workflow/rules/novel_discovery.smk,0,0,0,0,0,0,0,0,0,0,0,0,0,0,0,0,0,0,0,0,0,0,0,0,0
make_list,dbespiatykh,/tmp/tmpmm1f18ib/workflow/rules/novel_discovery.smk,0,0,0,0,0,0,0,0,0,0,0,0,0,0,0,0,0,0,0,0,0,0,0,0,0
merge_vcf,dbespiatykh,/tmp/tmpmm1f18ib/workflow/rules/novel_discovery.smk,0,0,0,0,0,0,0,0,0,0,0,0,0,0,0,0,0,0,0,0,0,0,0,0,0
convert2table,dbespiatykh,/tmp/tmpmm1f18ib/workflow/rules/novel_discovery.smk,0,0,0,0,0,0,0,0,0,0,0,0,0,0,0,0,0,0,0,0,0,0,0,0,0
annotate_rds,dbespiatykh,/tmp/tmpmm1f18ib/workflow/rules/novel_discovery.smk,0,0,0,0,0,0,0,0,0,0,0,0,0,0,0,0,0,0,0,0,0,0,0,0,0
bwa_mem,dbespiatykh,/tmp/tmpmm1f18ib/workflow/rules/mapping.smk,0,0,0,0,0,0,0,0,0,0,0,0,0,0,0,0,0,0,0,0,0,0,0,0,0
mosdepth_bed,dbespiatykh,/tmp/tmpmm1f18ib/workflow/rules/known_rds.smk,0,0,0,0,0,0,0,0,0,0,0,0,0,0,0,0,0,0,0,0,0,0,0,0,0
calculate_proportion,dbespiatykh,/tmp/tmpmm1f18ib/workflow/rules/known_rds.smk,0,0,0,0,0,0,0,0,0,0,0,0,0,0,0,0,0,0,0,0,0,0,0,0,0
concatenate,dbespiatykh,/tmp/tmpmm1f18ib/workflow/rules/known_rds.smk,0,0,0,0,0,0,0,0,0,0,0,0,0,0,0,0,0,0,0,0,0,0,0,0,0
make_tables,dbespiatykh,/tmp/tmpmm1f18ib/workflow/rules/known_rds.smk,0,0,0,0,0,0,0,0,0,0,0,0,0,0,0,0,0,0,0,0,0,0,0,0,0
download_genome,dbespiatykh,/tmp/tmpmm1f18ib/workflow/rules/reference.smk,0,0,0,0,0,0,0,0,0,0,0,0,0,0,0,0,0,1,0,0,0,0,0,0,0
samtools_genome_index,dbespiatykh,/tmp/tmpmm1f18ib/workflow/rules/reference.smk,0,0,0,0,0,0,0,0,0,0,0,0,0,0,0,0,0,0,0,0,0,0,0,0,0
bwa_index,dbespiatykh,/tmp/tmpmm1f18ib/workflow/rules/reference.smk,0,0,0,0,0,0,0,0,0,0,0,0,0,0,0,0,0,0,0,0,0,0,0,0,0
all,cmc-aau,/tmp/tmpr2mmht6r/workflow/Snakefile,0,0,0,0,0,0,0,0,0,0,0,0,0,0,0,0,0,0,0,0,0,0,0,0,0
checksum_fq_headers,cmc-aau,/tmp/tmpr2mmht6r/workflow/rules/03-checksum_fq_headers.smk,0,0,0,0,0,0,0,0,0,0,0,0,0,0,0,0,1,0,0,1,0,0,1,0,0
mapping_overview,cmc-aau,/tmp/tmpr2mmht6r/workflow/rules/05-mapping_overview.smk,0,0,0,0,0,0,0,0,0,0,0,0,0,0,0,0,1,0,0,1,0,0,0,0,0
abund_table,cmc-aau,/tmp/tmpr2mmht6r/workflow/rules/06-abund_table.smk,0,0,0,0,0,0,0,0,0,0,0,0,0,0,0,0,1,0,0,1,0,0,0,0,0
concatenate_fastq,cmc-aau,/tmp/tmpr2mmht6r/workflow/rules/01-cat_fastq.smk,0,0,0,0,0,0,0,0,0,0,0,0,0,0,0,0,1,0,0,1,0,0,0,0,0
qfilter,cmc-aau,/tmp/tmpr2mmht6r/workflow/rules/02-qfilter.smk,0,0,0,0,0,0,0,0,0,0,0,0,0,0,0,0,1,0,0,1,0,0,0,0,0
map2db,cmc-aau,/tmp/tmpr2mmht6r/workflow/rules/04-map2db.smk,0,0,0,0,0,0,0,0,0,1,0,0,0,0,0,0,0,0,0,1,0,0,0,0,0
all,DavideBrex,/tmp/tmpwnfmuuiq/workflow/Snakefile,0,0,0,0,0,0,0,0,0,0,0,0,0,0,0,0,0,0,0,0,0,0,0,0,0
merge_lanes_se,DavideBrex,/tmp/tmpwnfmuuiq/workflow/rules/trim.smk,0,0,0,0,0,0,0,0,0,0,0,0,0,0,0,0,0,0,0,0,0,0,0,0,0
merge_lanes_pe,DavideBrex,/tmp/tmpwnfmuuiq/workflow/rules/trim.smk,0,0,0,0,0,0,0,0,0,0,0,0,0,0,0,0,0,0,0,0,0,0,0,0,0
consensus_peaks,DavideBrex,/tmp/tmpwnfmuuiq/workflow/rules/mergeAndAnnotatePeaks.smk,0,0,0,0,0,0,0,0,0,0,0,0,0,0,0,0,0,0,0,0,0,0,0,0,0
count_reads_on_peaks,DavideBrex,/tmp/tmpwnfmuuiq/workflow/rules/mergeAndAnnotatePeaks.smk,0,0,0,0,0,0,0,0,0,0,0,0,0,0,0,0,0,0,0,0,0,0,0,0,0
peakAnnot_singleRep,DavideBrex,/tmp/tmpwnfmuuiq/workflow/rules/mergeAndAnnotatePeaks.smk,0,0,0,0,0,0,0,0,0,0,0,0,0,0,0,0,0,0,0,0,0,0,0,0,0
peakAnnot_singleRep_normPeaks,DavideBrex,/tmp/tmpwnfmuuiq/workflow/rules/mergeAndAnnotatePeaks.smk,0,0,0,0,0,0,0,0,0,0,0,0,0,0,0,0,0,0,0,0,0,0,0,0,0
return_genome_path,DavideBrex,/tmp/tmpwnfmuuiq/workflow/rules/references.smk,0,0,0,0,0,0,0,0,0,0,0,0,0,0,0,0,0,0,0,0,0,0,0,0,0
get_reference_genome,DavideBrex,/tmp/tmpwnfmuuiq/workflow/rules/references.smk,0,0,0,0,0,0,0,0,0,0,0,0,0,0,0,0,0,0,0,0,0,0,0,0,0
create_bowtie_index,DavideBrex,/tmp/tmpwnfmuuiq/workflow/rules/references.smk,0,0,0,0,0,0,0,0,0,0,0,0,0,0,0,0,0,0,0,0,0,0,0,0,0
get_spike_genome,DavideBrex,/tmp/tmpwnfmuuiq/workflow/rules/references.smk,0,0,0,0,0,0,0,0,0,0,0,0,0,0,0,0,0,0,0,0,0,0,0,0,0
calculate_norm_factors,DavideBrex,/tmp/tmpwnfmuuiq/workflow/rules/createBigWigs.smk,0,0,0,0,0,0,0,0,0,0,0,0,0,0,0,0,0,0,0,0,0,0,0,0,0
bam2bigwig_general,DavideBrex,/tmp/tmpwnfmuuiq/workflow/rules/createBigWigs.smk,0,0,0,0,0,0,0,0,0,0,0,0,0,0,0,0,0,0,0,0,0,0,0,0,0
fastqc,DavideBrex,/tmp/tmpwnfmuuiq/workflow/rules/qc.smk,0,0,0,0,0,0,0,0,0,0,0,0,0,0,0,0,0,0,0,0,0,0,0,0,0
plotFingerprint,DavideBrex,/tmp/tmpwnfmuuiq/workflow/rules/qc.smk,0,0,0,0,0,0,0,0,0,0,0,0,0,0,0,0,0,0,0,0,0,0,0,0,0
phantom_peak_qual,DavideBrex,/tmp/tmpwnfmuuiq/workflow/rules/qc.smk,0,0,0,0,0,0,0,0,0,0,0,0,0,0,0,0,0,0,0,0,0,0,0,0,0
create_qc_table_splitBam,DavideBrex,/tmp/tmpwnfmuuiq/workflow/rules/qc.smk,0,0,0,0,0,0,0,0,0,0,0,0,0,0,0,0,0,0,0,0,0,0,0,0,0
create_qc_table_epic2,DavideBrex,/tmp/tmpwnfmuuiq/workflow/rules/qc.smk,0,0,0,0,0,0,0,0,0,0,0,0,0,0,0,0,0,0,0,0,0,0,0,0,0
create_qc_table_edd,DavideBrex,/tmp/tmpwnfmuuiq/workflow/rules/qc.smk,0,0,0,0,0,0,0,0,0,0,0,0,0,0,0,0,0,0,0,0,0,0,0,0,0
create_qc_table_macs2,DavideBrex,/tmp/tmpwnfmuuiq/workflow/rules/qc.smk,0,0,0,0,0,0,0,0,0,0,0,0,0,0,0,0,0,0,0,0,0,0,0,0,0
create_qc_table_peakAnnot,DavideBrex,/tmp/tmpwnfmuuiq/workflow/rules/qc.smk,0,0,0,0,0,0,0,0,0,0,0,0,0,0,0,0,0,0,0,0,0,0,0,0,0
multiqc,DavideBrex,/tmp/tmpwnfmuuiq/workflow/rules/qc.smk,0,0,0,0,0,0,0,0,0,0,0,0,0,0,0,0,0,0,0,0,0,0,0,0,0
split_bam,DavideBrex,/tmp/tmpwnfmuuiq/workflow/rules/align.smk,0,0,0,0,0,0,0,0,0,0,0,0,0,0,0,0,0,0,0,0,0,0,0,0,0
macs2_callNarrowPeak,DavideBrex,/tmp/tmpwnfmuuiq/workflow/rules/callPeaks.smk,0,0,0,0,0,0,0,0,0,0,0,0,0,0,0,0,0,0,0,0,0,0,0,0,0
macs2_callNormPeaks_narrow,DavideBrex,/tmp/tmpwnfmuuiq/workflow/rules/callPeaks.smk,0,0,0,0,0,0,0,0,0,0,0,0,0,0,0,0,0,0,0,0,0,0,0,0,0
macs2_callNormPeaks_broad,DavideBrex,/tmp/tmpwnfmuuiq/workflow/rules/callPeaks.smk,0,0,0,0,0,0,0,0,0,0,0,0,0,0,0,0,0,0,0,0,0,0,0,0,0
epic2_callBroadPeaks,DavideBrex,/tmp/tmpwnfmuuiq/workflow/rules/callPeaks.smk,0,0,0,0,0,0,0,0,0,0,0,0,0,0,0,0,0,0,0,0,0,0,0,0,0
edd_callVeryBroadPeaks,DavideBrex,/tmp/tmpwnfmuuiq/workflow/rules/callPeaks.smk,0,0,0,0,0,0,0,0,0,0,0,0,0,0,0,0,0,0,0,0,0,0,0,0,0
differential_peaks,DavideBrex,/tmp/tmpwnfmuuiq/workflow/rules/differentialPeaks.smk,0,0,0,0,0,0,0,0,0,0,0,0,0,0,0,0,0,0,0,0,0,0,0,0,0
all,niekwit,/tmp/tmpw9y_q7ym/workflow/Snakefile,0,0,0,0,0,0,0,0,0,0,0,0,0,0,0,0,0,0,0,0,0,0,0,0,0
install_te_small,niekwit,/tmp/tmpw9y_q7ym/workflow/rules/te_small.smk,0,0,0,0,0,0,0,0,0,0,0,0,0,0,0,0,0,0,0,0,0,0,0,0,0
run_te_small,niekwit,/tmp/tmpw9y_q7ym/workflow/rules/te_small.smk,0,0,0,0,0,0,0,0,0,0,0,0,0,0,0,0,0,0,0,0,0,0,0,0,0
deseq2,niekwit,/tmp/tmpw9y_q7ym/workflow/rules/te_small.smk,0,0,0,0,0,0,0,0,0,0,0,0,0,0,0,0,0,0,0,0,0,0,0,0,0
plot_pca,niekwit,/tmp/tmpw9y_q7ym/workflow/rules/te_small.smk,0,0,0,0,0,0,0,0,0,0,0,0,0,0,0,0,0,0,0,0,0,0,0,0,0
trim_adapters,niekwit,/tmp/tmpw9y_q7ym/workflow/rules/process_reads.smk,0,0,0,0,0,0,0,0,0,0,0,0,0,0,0,0,0,0,0,0,0,0,0,0,0
get_sequence,niekwit,/tmp/tmpw9y_q7ym/workflow/rules/process_reads.smk,0,0,0,0,0,0,0,0,0,0,0,0,0,0,0,0,0,0,0,0,0,0,0,0,0
count_unique_sequences,niekwit,/tmp/tmpw9y_q7ym/workflow/rules/process_reads.smk,0,0,0,0,0,0,0,0,0,0,0,0,0,0,0,0,0,0,0,0,0,0,0,0,0
create_count_fasta,niekwit,/tmp/tmpw9y_q7ym/workflow/rules/process_reads.smk,0,0,0,0,0,0,0,0,0,0,0,0,0,0,0,0,0,0,0,0,0,0,0,0,0
download_ncrna_fasta,niekwit,/tmp/tmpw9y_q7ym/workflow/rules/pingpong.smk,0,0,0,0,0,0,0,0,0,0,0,0,0,0,0,0,0,0,0,0,0,0,0,0,0
filter_ncrna_fasta,niekwit,/tmp/tmpw9y_q7ym/workflow/rules/pingpong.smk,0,0,0,0,0,0,0,0,0,0,0,0,0,0,0,0,0,0,0,0,0,0,0,0,0
bowtie_index_ncrna,niekwit,/tmp/tmpw9y_q7ym/workflow/rules/pingpong.smk,0,0,0,0,0,0,0,0,0,0,0,0,0,0,0,0,0,0,0,0,0,0,0,0,0
filter_ncrna_reads,niekwit,/tmp/tmpw9y_q7ym/workflow/rules/pingpong.smk,0,0,0,0,0,0,0,0,0,0,0,0,0,0,0,0,0,0,0,0,0,0,0,0,0
bowtie_index,niekwit,/tmp/tmpw9y_q7ym/workflow/rules/pingpong.smk,0,0,0,0,0,0,0,0,0,0,0,0,0,0,0,0,0,0,0,0,0,0,0,0,0
collapse_sequences,niekwit,/tmp/tmpw9y_q7ym/workflow/rules/pingpong.smk,0,0,0,0,0,0,0,0,0,0,0,0,0,0,0,0,0,0,0,0,0,0,0,0,0
align,niekwit,/tmp/tmpw9y_q7ym/workflow/rules/pingpong.smk,0,0,0,0,0,0,0,0,0,0,0,0,0,0,0,0,0,0,0,0,0,0,0,0,0
pingpong_analysis,niekwit,/tmp/tmpw9y_q7ym/workflow/rules/pingpong.smk,0,0,0,0,0,0,0,0,0,0,0,0,0,0,0,0,0,0,0,0,0,0,0,0,0
plot_pingpong,niekwit,/tmp/tmpw9y_q7ym/workflow/rules/pingpong.smk,0,0,0,0,0,0,0,0,0,0,0,0,0,0,0,0,0,0,0,0,0,0,0,0,0
plot_sequence_bias_pirna,niekwit,/tmp/tmpw9y_q7ym/workflow/rules/pingpong.smk,0,0,0,0,0,0,0,0,0,0,0,0,0,0,0,0,0,0,0,0,0,0,0,0,0
te_pos_coverage,niekwit,/tmp/tmpw9y_q7ym/workflow/rules/pingpong.smk,0,0,0,0,0,0,0,0,0,0,0,0,0,0,0,0,0,0,0,0,0,0,0,0,0
length_distribution_aligned_to_TE,niekwit,/tmp/tmpw9y_q7ym/workflow/rules/pingpong.smk,0,0,0,0,0,0,0,0,0,0,0,0,0,0,0,0,0,0,0,0,0,0,0,0,0
download_mirna_fasta,niekwit,/tmp/tmpw9y_q7ym/workflow/rules/mirna_correction.smk,0,0,0,0,0,0,0,0,0,0,0,0,0,0,0,0,0,0,0,0,0,0,0,0,0
subset_mirna_fasta,niekwit,/tmp/tmpw9y_q7ym/workflow/rules/mirna_correction.smk,0,0,0,0,0,0,0,0,0,0,0,0,0,0,0,0,0,0,0,0,0,0,0,0,0
mirna_index,niekwit,/tmp/tmpw9y_q7ym/workflow/rules/mirna_correction.smk,0,0,0,0,0,0,0,0,0,0,0,0,0,0,0,0,0,0,0,0,0,0,0,0,0
align_to_mirna,niekwit,/tmp/tmpw9y_q7ym/workflow/rules/mirna_correction.smk,0,0,0,0,0,0,0,0,0,0,0,0,0,0,0,0,0,0,0,0,0,0,0,0,0
trim_adapters,niekwit,/tmp/tmpw9y_q7ym/workflow/rules/length_distribution.smk,0,0,0,0,0,0,0,0,0,0,0,0,0,0,0,0,0,0,0,0,0,0,0,0,0
get_sequence,niekwit,/tmp/tmpw9y_q7ym/workflow/rules/length_distribution.smk,0,0,0,0,0,0,0,0,0,0,0,0,0,0,0,0,0,0,0,0,0,0,0,0,0
length_counts,niekwit,/tmp/tmpw9y_q7ym/workflow/rules/length_distribution.smk,0,0,0,0,0,0,0,0,0,0,0,0,0,0,0,0,0,0,0,0,0,0,0,0,0
plot_length_distribution,niekwit,/tmp/tmpw9y_q7ym/workflow/rules/length_distribution.smk,0,0,0,0,0,0,0,0,0,0,0,0,0,0,0,0,0,0,0,0,0,0,0,0,0
plot_length_distribution,niekwit,/tmp/tmpw9y_q7ym/workflow/rules/plotting.smk,0,0,0,0,0,0,0,0,0,0,0,0,0,0,0,0,0,0,0,0,0,0,0,0,0
all,LBGC-CFB,/tmp/tmpq570h_lc/workflow/Snakefile,0,0,0,0,0,0,0,0,0,0,0,0,0,0,0,0,0,0,0,0,0,0,0,0,0
SOSTAR,LBGC-CFB,/tmp/tmpq570h_lc/workflow/rules/annotation.smk,0,0,0,0,0,0,0,0,0,0,0,0,0,0,0,0,0,0,0,0,0,0,0,0,0
get_tr_files,LBGC-CFB,/tmp/tmpq570h_lc/workflow/rules/gtf_processing.smk,0,0,0,0,0,0,0,0,0,0,0,0,0,0,0,0,0,0,0,0,0,0,0,0,0
bedtools_intersect,LBGC-CFB,/tmp/tmpq570h_lc/workflow/rules/gtf_processing.smk,0,0,0,0,0,0,0,0,0,0,0,0,0,0,0,0,0,0,0,0,0,0,0,0,0
format_gtf,LBGC-CFB,/tmp/tmpq570h_lc/workflow/rules/gtf_processing.smk,0,0,0,0,0,0,0,0,0,0,0,0,0,0,0,0,0,0,0,0,0,0,0,0,0
add_missing_gene_name,LBGC-CFB,/tmp/tmpq570h_lc/workflow/rules/gtf_processing.smk,0,0,0,0,0,0,0,0,0,0,0,0,0,0,0,0,0,0,0,0,0,0,0,0,0
gtf_to_bed,LBGC-CFB,/tmp/tmpq570h_lc/workflow/rules/gtf_processing.smk,0,0,0,0,0,0,0,0,0,0,0,0,0,0,0,0,0,0,0,0,0,0,0,0,0
align,LBGC-CFB,/tmp/tmpq570h_lc/workflow/rules/minimap2.smk,0,0,0,0,0,0,0,0,0,0,0,0,0,0,0,0,0,0,0,0,0,0,0,0,0
realign,LBGC-CFB,/tmp/tmpq570h_lc/workflow/rules/minimap2.smk,0,0,0,0,0,0,0,0,0,0,0,0,0,0,0,0,0,0,0,0,0,0,0,0,0
assembly,LBGC-CFB,/tmp/tmpq570h_lc/workflow/rules/stringtie.smk,0,0,0,0,0,0,0,0,0,0,0,0,0,0,0,0,0,0,0,0,0,0,0,0,0
merge,LBGC-CFB,/tmp/tmpq570h_lc/workflow/rules/stringtie.smk,0,0,0,0,0,0,0,0,0,0,0,0,0,0,0,0,0,0,0,0,0,0,0,0,0
expression,LBGC-CFB,/tmp/tmpq570h_lc/workflow/rules/stringtie.smk,0,0,0,0,0,0,0,0,0,0,0,0,0,0,0,0,0,0,0,0,0,0,0,0,0
all,LBGC-CFB,/tmp/tmpoqq8nuhk/workflow/Snakefile,0,0,0,0,0,0,0,0,0,0,0,0,0,0,0,0,0,0,0,0,0,0,0,0,0
assembly,LBGC-CFB,/tmp/tmpoqq8nuhk/workflow/rules/assemblers.smk,0,0,0,0,0,0,0,0,0,0,0,0,0,0,0,0,0,0,0,0,0,0,0,0,0
merge,LBGC-CFB,/tmp/tmpoqq8nuhk/workflow/rules/assemblers.smk,0,0,0,0,0,0,0,0,0,0,0,0,0,0,0,0,0,0,0,0,0,0,0,0,0
expression,LBGC-CFB,/tmp/tmpoqq8nuhk/workflow/rules/assemblers.smk,0,0,0,0,0,0,0,0,0,0,0,0,0,0,0,0,0,0,0,0,0,0,0,0,0
SOSTAR,LBGC-CFB,/tmp/tmpoqq8nuhk/workflow/rules/annotation.smk,0,0,0,0,0,0,0,0,0,0,0,0,0,0,0,0,0,0,0,0,0,0,0,0,0
minimap2_align,LBGC-CFB,/tmp/tmpoqq8nuhk/workflow/rules/aligners.smk,0,0,0,0,0,0,0,0,0,0,0,0,0,0,0,0,0,0,0,0,0,0,0,0,0
samtools_sort_index_bam,LBGC-CFB,/tmp/tmpoqq8nuhk/workflow/rules/aligners.smk,0,0,0,0,0,0,0,0,0,0,0,0,0,0,0,0,0,0,0,0,0,0,0,0,0
gtf_to_bed,LBGC-CFB,/tmp/tmpoqq8nuhk/workflow/rules/gtf_processing.smk,0,0,0,0,0,0,0,0,0,0,0,0,0,0,0,0,0,0,0,0,0,0,0,0,0
concat_gtf,LBGC-CFB,/tmp/tmpoqq8nuhk/workflow/rules/gtf_processing.smk,0,0,0,0,0,0,0,0,0,0,0,0,0,0,0,0,0,0,0,0,0,0,0,0,0
all,cademirch,/tmp/tmp775tmgsp/workflow/Snakefile,0,0,0,0,0,0,0,0,0,0,0,0,0,0,0,0,0,0,0,0,0,0,0,0,0
create_cov_csv,cademirch,/tmp/tmp775tmgsp/workflow/Snakefile,0,0,0,0,0,0,0,0,0,0,0,0,0,0,0,0,0,0,0,0,0,0,0,0,0
merge_reads,cademirch,/tmp/tmp775tmgsp/workflow/Snakefile,0,0,0,0,0,0,0,0,0,0,0,0,0,0,0,0,0,0,0,0,0,0,0,0,0
fastp,cademirch,/tmp/tmp775tmgsp/workflow/Snakefile,0,0,0,0,0,0,0,0,0,0,0,0,0,0,0,0,0,0,0,0,0,0,0,0,0
bwa_mem,cademirch,/tmp/tmp775tmgsp/workflow/Snakefile,0,0,0,0,0,0,0,0,0,0,0,0,0,0,0,0,0,0,0,0,0,0,0,0,0
dedup,cademirch,/tmp/tmp775tmgsp/workflow/Snakefile,0,0,0,0,0,0,0,0,0,0,0,0,0,0,0,0,0,0,0,0,0,0,0,0,0
filter_bam,cademirch,/tmp/tmp775tmgsp/workflow/Snakefile,0,0,0,0,0,0,0,0,0,0,0,0,0,0,0,0,0,0,0,0,0,0,0,0,0
pileup,cademirch,/tmp/tmp775tmgsp/workflow/Snakefile,0,0,0,0,0,0,0,0,0,0,0,0,0,0,0,0,0,0,0,0,0,0,0,0,0
mosdepth,cademirch,/tmp/tmp775tmgsp/workflow/Snakefile,0,0,0,0,0,0,0,0,0,0,0,0,0,0,0,0,0,0,0,0,0,0,0,0,0
flagstat,cademirch,/tmp/tmp775tmgsp/workflow/Snakefile,0,0,0,0,0,0,0,0,0,0,0,0,0,0,0,0,0,0,0,0,0,0,0,0,0
find_chimeras,cademirch,/tmp/tmp775tmgsp/workflow/rules/recomb.smk,0,0,0,0,0,0,0,0,0,0,0,0,0,0,0,0,0,0,0,0,0,0,0,0,0
view_mappability,cademirch,/tmp/tmp775tmgsp/workflow/rules/recomb.smk,0,0,0,0,0,0,0,0,0,0,0,0,0,0,0,0,0,0,0,0,0,0,0,0,0
view_mappability2,cademirch,/tmp/tmp775tmgsp/workflow/rules/recomb.smk,0,0,0,0,0,0,0,0,0,0,0,0,0,0,0,0,0,0,0,0,0,0,0,0,0
get_rid_of_unpaired,cademirch,/tmp/tmp775tmgsp/workflow/rules/recomb.smk,0,0,0,0,0,0,0,0,0,0,0,0,0,0,0,0,0,0,0,0,0,0,0,0,0
bamtobed,cademirch,/tmp/tmp775tmgsp/workflow/rules/recomb.smk,0,0,0,0,0,0,0,0,0,0,0,0,0,0,0,0,0,0,0,0,0,0,0,0,0
mosdepth_octomom,cademirch,/tmp/tmp775tmgsp/workflow/rules/octomom.smk,0,0,0,0,0,0,0,0,0,0,0,0,0,0,0,0,1,0,0,1,0,0,0,0,0
combine_references,cademirch,/tmp/tmp775tmgsp/workflow/rules/reference.smk,0,0,0,0,0,0,0,0,0,0,0,0,0,0,0,0,0,0,0,0,0,0,0,0,0
index_reference,cademirch,/tmp/tmp775tmgsp/workflow/rules/reference.smk,0,0,0,0,0,0,0,0,0,0,0,0,0,0,0,0,0,0,0,0,0,0,0,0,0
bed_for_pileup,cademirch,/tmp/tmp775tmgsp/workflow/rules/reference.smk,0,0,0,0,0,0,0,0,0,0,0,0,0,0,0,0,0,0,0,0,0,0,0,0,0
mappability_index,cademirch,/tmp/tmp775tmgsp/workflow/rules/reference.smk,0,0,0,0,0,0,0,0,0,0,0,0,0,0,0,0,0,0,0,0,0,0,0,0,0
mappability,cademirch,/tmp/tmp775tmgsp/workflow/rules/reference.smk,0,0,0,0,0,0,0,0,0,0,0,0,0,0,0,0,0,0,0,0,0,0,0,0,0
all,aryakaul,/tmp/tmp7ytsucw5/post-process/workflow/Snakefile,0,0,0,0,0,0,0,0,0,0,0,0,0,0,0,0,0,0,0,0,0,0,0,0,0
bakta_annotation,aryakaul,/tmp/tmp7ytsucw5/post-process/workflow/rules/bakta.smk,0,0,0,0,0,0,0,0,0,0,0,0,0,0,0,0,0,0,0,0,0,0,0,0,0
make_blastidx,aryakaul,/tmp/tmp7ytsucw5/post-process/workflow/rules/align.smk,0,0,0,0,0,0,0,0,0,0,0,0,0,0,0,0,0,0,0,0,0,0,0,0,0
run_blast,aryakaul,/tmp/tmp7ytsucw5/post-process/workflow/rules/align.smk,0,0,0,0,0,0,0,0,0,0,0,0,0,0,0,0,0,0,0,0,0,0,0,0,0
extract_internal_kmers,aryakaul,/tmp/tmp7ytsucw5/post-process/workflow/rules/deletion_or_insertion.smk,0,0,0,0,0,0,0,0,0,0,0,0,0,0,0,0,0,0,0,0,0,0,0,0,0
select_buckets,aryakaul,/tmp/tmp7ytsucw5/post-process/workflow/rules/deletion_or_insertion.smk,0,0,0,0,0,0,0,0,0,0,0,0,0,0,0,0,0,0,0,0,0,0,0,0,0
run_bwafastmap,aryakaul,/tmp/tmp7ytsucw5/post-process/workflow/rules/deletion_or_insertion.smk,0,0,0,0,0,0,0,0,0,0,0,0,0,0,0,0,0,0,0,0,0,0,0,0,0
run_bwafastmap_isdb,aryakaul,/tmp/tmp7ytsucw5/post-process/workflow/rules/deletion_or_insertion.smk,0,0,0,0,0,0,0,0,0,0,0,0,0,0,0,0,0,0,0,0,0,0,0,0,0
aggregate_fastmapout,aryakaul,/tmp/tmp7ytsucw5/post-process/workflow/rules/deletion_or_insertion.smk,0,0,0,0,0,0,0,0,0,0,0,0,0,0,0,0,0,0,0,0,0,0,0,0,0
analyze_bwafastmap,aryakaul,/tmp/tmp7ytsucw5/post-process/workflow/rules/deletion_or_insertion.smk,0,0,0,0,0,0,0,0,0,0,0,0,0,0,0,0,0,0,0,0,0,0,0,0,0
find_percentage_dist,aryakaul,/tmp/tmp7ytsucw5/post-process/workflow/rules/deletion_or_insertion.smk,0,0,0,0,0,0,0,0,0,0,0,0,0,0,0,0,0,0,0,0,0,0,0,0,0
find_passinggenes,aryakaul,/tmp/tmp7ytsucw5/post-process/workflow/rules/deletion_or_insertion.smk,0,0,0,0,0,0,0,0,0,0,0,0,0,0,0,0,0,0,0,0,0,0,0,0,0
find_passinggenes_isdb,aryakaul,/tmp/tmp7ytsucw5/post-process/workflow/rules/deletion_or_insertion.smk,0,0,0,0,0,0,0,0,0,0,0,0,0,0,0,0,0,0,0,0,0,0,0,0,0
aggregate_downsample_df,aryakaul,/tmp/tmp7ytsucw5/post-process/workflow/rules/deletion_or_insertion.smk,0,0,0,0,0,0,0,0,0,0,0,0,0,0,0,0,0,0,0,0,0,0,0,0,0
collect_passinggenes,aryakaul,/tmp/tmp7ytsucw5/post-process/workflow/rules/deletion_or_insertion.smk,0,0,0,0,0,0,0,0,0,0,0,0,0,0,0,0,0,0,0,0,0,0,0,0,0
selection_analysis,aryakaul,/tmp/tmp7ytsucw5/post-process/workflow/rules/selection.smk,0,0,0,0,0,0,0,0,0,0,0,0,0,0,0,0,0,0,0,0,0,0,0,0,0
genome_decompression,aryakaul,/tmp/tmp7ytsucw5/post-process/workflow/rules/genome_decompression.smk,0,0,0,0,0,0,0,0,0,0,0,0,0,0,0,0,0,0,0,0,0,0,0,0,0
tiny_genome_decompression,aryakaul,/tmp/tmp7ytsucw5/post-process/workflow/rules/genome_decompression.smk,0,0,0,0,0,0,0,0,0,0,0,0,0,0,0,0,0,0,0,0,0,0,0,0,0
aggregate_fullgenomefasta,aryakaul,/tmp/tmp7ytsucw5/post-process/workflow/rules/genome_decompression.smk,0,0,0,0,0,0,0,0,0,0,0,0,0,0,0,0,0,0,0,0,0,0,0,0,0
build_filelist,aryakaul,/tmp/tmp7ytsucw5/post-process/workflow/rules/genome_decompression.smk,0,0,0,0,0,0,0,0,0,0,0,0,0,0,0,0,0,0,0,0,0,0,0,0,0
build_tinyfilelist,aryakaul,/tmp/tmp7ytsucw5/post-process/workflow/rules/genome_decompression.smk,0,0,0,0,0,0,0,0,0,0,0,0,0,0,0,0,0,0,0,0,0,0,0,0,0
tinydownsample_df,aryakaul,/tmp/tmp7ytsucw5/post-process/workflow/rules/downsample.smk,0,0,0,0,0,0,0,0,0,0,0,0,0,0,0,0,0,0,0,0,0,0,0,0,0
downsample_df,aryakaul,/tmp/tmp7ytsucw5/post-process/workflow/rules/downsample.smk,0,0,0,0,0,0,0,0,0,0,0,0,0,0,0,0,0,0,0,0,0,0,0,0,0
downsample_annotdf,aryakaul,/tmp/tmp7ytsucw5/post-process/workflow/rules/downsample.smk,0,0,0,0,0,0,0,0,0,0,0,0,0,0,0,0,0,0,0,0,0,0,0,0,0
downsample_clusterzerodf,aryakaul,/tmp/tmp7ytsucw5/post-process/workflow/rules/downsample.smk,0,0,0,0,0,0,0,0,0,0,0,0,0,0,0,0,0,0,0,0,0,0,0,0,0
make_internal_fasta,aryakaul,/tmp/tmp7ytsucw5/post-process/workflow/rules/deletion_or_insertion_mgerecords.smk,0,0,0,0,0,0,0,0,0,0,0,0,0,0,0,0,0,0,0,0,0,0,0,0,0
build_tinyfilelist_region,aryakaul,/tmp/tmp7ytsucw5/post-process/workflow/rules/deletion_or_insertion_mgerecords.smk,0,0,0,0,0,0,0,0,0,0,0,0,0,0,0,0,0,0,0,0,0,0,0,0,0
blast_mgedb,aryakaul,/tmp/tmp7ytsucw5/post-process/workflow/rules/deletion_or_insertion_mgerecords.smk,0,0,0,0,0,0,0,0,0,0,0,0,0,0,0,0,0,0,0,0,0,0,0,0,0
filter_passinggenes_mge,aryakaul,/tmp/tmp7ytsucw5/post-process/workflow/rules/deletion_or_insertion_mgerecords.smk,0,0,0,0,0,0,0,0,0,0,0,0,0,0,0,0,0,0,0,0,0,0,0,0,0
aggregate_downsample_df,aryakaul,/tmp/tmp7ytsucw5/post-process/workflow/rules/deletion_or_insertion_mgerecords.smk,0,0,0,0,0,0,0,0,0,0,0,0,0,0,0,0,0,0,0,0,0,0,0,0,0
collect_passinggenes,aryakaul,/tmp/tmp7ytsucw5/post-process/workflow/rules/deletion_or_insertion_mgerecords.smk,0,0,0,0,0,0,0,0,0,0,0,0,0,0,0,0,0,0,0,0,0,0,0,0,0
region_decompression,aryakaul,/tmp/tmp7ytsucw5/post-process/workflow/rules/region_decompression.smk,0,0,0,0,0,0,0,0,0,0,0,0,0,0,0,0,0,0,0,0,0,0,0,0,0
passinggene_fasta,aryakaul,/tmp/tmp7ytsucw5/post-process/workflow/rules/region_decompression.smk,0,0,0,0,0,0,0,0,0,0,0,0,0,0,0,0,0,0,0,0,0,0,0,0,0
aggregate_regionalfastas,aryakaul,/tmp/tmp7ytsucw5/post-process/workflow/rules/region_decompression.smk,0,0,0,0,0,0,0,0,0,0,0,0,0,0,0,0,0,0,0,0,0,0,0,0,0
build_sketched_tree,aryakaul,/tmp/tmp7ytsucw5/post-process/workflow/rules/tree.smk,0,0,0,0,0,0,0,0,0,0,0,0,0,0,0,0,0,0,0,0,0,0,0,0,0
itol_annottext,aryakaul,/tmp/tmp7ytsucw5/post-process/workflow/rules/tree.smk,0,0,0,0,0,0,0,0,0,0,0,0,0,0,0,0,0,0,0,0,0,0,0,0,0
minimal_cuts,aryakaul,/tmp/tmp7ytsucw5/post-process/workflow/rules/tree.smk,0,0,0,0,0,0,0,0,0,0,0,0,0,0,0,0,0,0,0,0,0,0,0,0,0
all,aryakaul,/tmp/tmp7ytsucw5/workflow/Snakefile,0,0,0,0,0,0,0,0,0,0,0,0,0,0,0,0,0,0,0,0,0,0,0,0,0
make_bwaidx,aryakaul,/tmp/tmp7ytsucw5/workflow/rules/bwa.smk,0,0,0,0,0,0,0,0,0,0,0,0,0,0,0,0,0,0,0,0,0,0,0,0,0
fastmap,aryakaul,/tmp/tmp7ytsucw5/workflow/rules/bwa.smk,0,0,0,0,0,0,0,0,0,0,0,0,0,0,0,0,0,0,0,0,0,0,0,0,0
prefixsuffix_kmergen,aryakaul,/tmp/tmp7ytsucw5/workflow/rules/kmercreation.smk,0,0,0,0,0,0,0,0,0,0,0,0,0,0,0,0,0,0,0,0,0,0,0,0,0
fastmap_process,aryakaul,/tmp/tmp7ytsucw5/workflow/rules/fastmap_processing.smk,0,0,0,0,0,0,0,0,0,0,0,0,0,0,0,0,0,0,0,0,0,0,0,0,0
fastmap_distances,aryakaul,/tmp/tmp7ytsucw5/workflow/rules/fastmap_processing.smk,0,0,0,0,0,0,0,0,0,0,0,0,0,0,0,1,0,0,0,0,0,0,0,0,0
parse_distances,aryakaul,/tmp/tmp7ytsucw5/workflow/rules/fastmap_processing.smk,0,0,0,0,0,1,0,0,0,0,0,0,0,0,0,0,0,0,0,0,0,0,0,0,0
aggregate,aryakaul,/tmp/tmp7ytsucw5/workflow/rules/fastmap_processing.smk,0,0,0,0,0,0,0,0,0,0,0,0,0,0,0,0,0,0,0,0,0,0,0,0,0
cluster_dists,aryakaul,/tmp/tmp7ytsucw5/workflow/rules/clusterdists.smk,0,0,0,0,0,0,0,0,0,0,0,1,0,0,1,0,0,0,0,1,0,0,0,0,0
aggregate_2,aryakaul,/tmp/tmp7ytsucw5/workflow/rules/clusterdists.smk,0,0,0,0,0,0,0,0,0,0,0,0,0,0,0,1,0,0,0,0,0,0,1,1,0
passinggene_cluster_decompression,aryakaul,/tmp/tmp7ytsucw5/workflow/rules/genome_decompression.smk,0,0,0,0,0,0,0,0,0,0,0,0,0,0,0,0,0,0,0,0,0,0,0,0,0
all,chufuyun,/tmp/tmpeohpr8dh/workflow/Snakefile,0,0,0,0,0,0,0,0,0,0,0,0,0,0,0,0,0,0,0,0,0,0,0,0,0
samtools_index,chufuyun,/tmp/tmpeohpr8dh/workflow/rules/utils.smk,0,0,0,0,0,0,0,0,0,0,0,0,0,0,0,0,0,0,0,0,0,0,0,0,0
samtools_flagstat,chufuyun,/tmp/tmpeohpr8dh/workflow/rules/stats.smk,0,0,0,0,0,0,0,0,0,0,0,0,0,0,0,0,0,0,0,0,0,0,0,0,0
samtools_idxstats,chufuyun,/tmp/tmpeohpr8dh/workflow/rules/stats.smk,0,0,0,0,0,0,0,0,0,0,0,0,0,0,0,0,0,0,0,0,0,0,0,0,0
samtools_stats,chufuyun,/tmp/tmpeohpr8dh/workflow/rules/stats.smk,0,0,0,0,0,0,0,0,0,0,0,0,0,0,0,0,0,0,0,0,0,0,0,0,0
get_genome,chufuyun,/tmp/tmpeohpr8dh/workflow/rules/ref.smk,0,0,0,0,0,0,0,0,0,0,0,0,0,0,0,0,0,0,0,0,0,0,0,0,0
get_annotation,chufuyun,/tmp/tmpeohpr8dh/workflow/rules/ref.smk,0,0,0,0,0,0,0,0,0,0,0,0,0,0,0,0,0,0,0,0,0,0,0,0,0
sra_get_fastq_pe,chufuyun,/tmp/tmpeohpr8dh/workflow/rules/ref.smk,0,0,0,0,0,0,0,0,0,0,0,0,0,0,0,0,0,0,0,0,0,0,0,0,0
sra_get_fastq_se,chufuyun,/tmp/tmpeohpr8dh/workflow/rules/ref.smk,0,0,0,0,0,0,0,0,0,0,0,0,0,0,0,0,0,0,0,0,0,0,0,0,0
gtf2bed,chufuyun,/tmp/tmpeohpr8dh/workflow/rules/ref.smk,0,0,0,0,0,0,0,0,0,0,0,0,0,0,0,0,0,0,0,0,0,0,0,0,0
genome_faidx,chufuyun,/tmp/tmpeohpr8dh/workflow/rules/ref.smk,0,0,0,0,0,0,0,0,0,0,0,0,0,0,0,0,0,0,0,0,0,0,0,0,0
bwa_index,chufuyun,/tmp/tmpeohpr8dh/workflow/rules/ref.smk,0,0,0,0,0,0,0,0,0,0,0,0,0,0,0,0,0,0,0,0,0,0,0,0,0
chromosome_size,chufuyun,/tmp/tmpeohpr8dh/workflow/rules/ref.smk,0,0,0,0,0,0,0,0,0,0,0,0,0,0,0,0,0,0,0,0,0,0,0,0,0
generate_igenomes,chufuyun,/tmp/tmpeohpr8dh/workflow/rules/ref.smk,0,0,0,0,0,0,0,0,0,0,0,0,0,0,0,0,0,0,0,0,0,0,0,0,0
generate_igenomes_blacklist,chufuyun,/tmp/tmpeohpr8dh/workflow/rules/ref.smk,0,0,0,0,0,0,0,0,0,0,0,0,0,0,0,0,0,0,0,0,0,0,0,0,0
bedtools_sort_blacklist,chufuyun,/tmp/tmpeohpr8dh/workflow/rules/ref.smk,0,0,0,0,0,0,0,0,0,0,0,0,0,0,0,0,0,0,0,0,0,0,0,0,0
bedtools_complement_blacklist,chufuyun,/tmp/tmpeohpr8dh/workflow/rules/ref.smk,0,0,0,0,0,0,0,0,0,0,0,0,0,0,0,0,0,0,0,0,0,0,0,0,0
get_gsize,chufuyun,/tmp/tmpeohpr8dh/workflow/rules/ref.smk,0,0,0,0,0,0,0,0,0,0,0,0,0,0,0,0,0,0,0,0,0,0,0,0,0
fastqc,chufuyun,/tmp/tmpeohpr8dh/workflow/rules/qc.smk,0,0,0,0,0,0,0,0,0,0,0,0,0,0,0,0,0,0,0,0,0,0,0,0,0
multiqc,chufuyun,/tmp/tmpeohpr8dh/workflow/rules/qc.smk,0,0,0,0,0,0,0,0,0,0,0,0,0,0,0,0,0,0,0,0,0,0,0,0,0
cutadapt_pe,chufuyun,/tmp/tmpeohpr8dh/workflow/rules/cutadapt.smk,0,0,0,0,0,0,0,0,0,0,0,0,0,0,0,0,0,0,0,0,0,0,0,0,0
cutadapt_se,chufuyun,/tmp/tmpeohpr8dh/workflow/rules/cutadapt.smk,0,0,0,0,0,0,0,0,0,0,0,0,0,0,0,0,0,0,0,0,0,0,0,0,0
bwa_mem,chufuyun,/tmp/tmpeohpr8dh/workflow/rules/mapping.smk,0,0,0,0,0,0,0,0,0,0,0,0,0,0,0,0,0,0,0,0,0,0,0,0,0
merge_bams,chufuyun,/tmp/tmpeohpr8dh/workflow/rules/mapping.smk,0,0,0,0,0,0,0,0,0,0,0,0,0,0,0,0,0,0,0,0,0,0,0,0,0
mark_merged_duplicates,chufuyun,/tmp/tmpeohpr8dh/workflow/rules/mapping.smk,0,0,0,0,0,0,0,0,0,0,0,0,0,0,0,0,0,0,0,0,0,0,0,0,0
plot_fingerprint,chufuyun,/tmp/tmpeohpr8dh/workflow/rules/peak_analysis.smk,0,0,0,0,0,0,0,0,0,0,0,0,0,0,0,0,0,0,0,0,0,0,0,0,0
macs2_callpeak_broad,chufuyun,/tmp/tmpeohpr8dh/workflow/rules/peak_analysis.smk,0,0,0,0,0,0,0,0,0,0,0,0,0,0,0,0,0,0,0,0,0,0,0,0,0
macs2_callpeak_narrow,chufuyun,/tmp/tmpeohpr8dh/workflow/rules/peak_analysis.smk,0,0,0,0,0,0,0,0,0,0,0,0,0,0,0,0,0,0,0,0,0,0,0,0,0
peaks_count,chufuyun,/tmp/tmpeohpr8dh/workflow/rules/peak_analysis.smk,0,0,0,0,0,0,0,0,0,0,0,0,0,0,0,0,0,0,0,0,0,0,0,0,0
sm_report_peaks_count_plot,chufuyun,/tmp/tmpeohpr8dh/workflow/rules/peak_analysis.smk,0,0,0,0,0,0,0,0,0,0,0,0,0,0,0,0,0,0,0,0,0,0,0,0,0
bedtools_intersect,chufuyun,/tmp/tmpeohpr8dh/workflow/rules/peak_analysis.smk,0,0,0,0,0,0,0,0,0,0,0,0,0,0,0,0,0,0,0,0,0,0,0,0,0
frip_score,chufuyun,/tmp/tmpeohpr8dh/workflow/rules/peak_analysis.smk,0,0,0,0,0,0,0,0,0,0,0,0,0,0,0,0,0,0,0,0,0,0,0,0,0
sm_rep_frip_score,chufuyun,/tmp/tmpeohpr8dh/workflow/rules/peak_analysis.smk,0,0,0,0,0,0,0,0,0,0,0,0,0,0,0,0,0,0,0,0,0,0,0,0,0
create_igv_peaks,chufuyun,/tmp/tmpeohpr8dh/workflow/rules/peak_analysis.smk,0,0,0,0,0,0,0,0,0,0,0,0,0,0,0,0,0,0,0,0,0,0,0,0,0
homer_annotatepeaks,chufuyun,/tmp/tmpeohpr8dh/workflow/rules/peak_analysis.smk,0,0,0,0,0,0,0,0,0,0,0,0,0,0,0,0,0,0,0,0,0,0,0,0,0
plot_macs_qc,chufuyun,/tmp/tmpeohpr8dh/workflow/rules/peak_analysis.smk,0,0,0,0,0,0,0,0,0,0,0,0,0,0,0,0,0,0,0,0,0,0,0,0,0
plot_homer_annotatepeaks,chufuyun,/tmp/tmpeohpr8dh/workflow/rules/peak_analysis.smk,0,0,0,0,0,0,0,0,0,0,0,0,0,0,0,0,0,0,0,0,0,0,0,0,0
plot_sum_annotatepeaks,chufuyun,/tmp/tmpeohpr8dh/workflow/rules/peak_analysis.smk,0,0,0,0,0,0,0,0,0,0,0,0,0,0,0,0,0,0,0,0,0,0,0,0,0
bedtools_merge_broad,chufuyun,/tmp/tmpeohpr8dh/workflow/rules/consensus_peak_analysis.smk,0,0,0,0,0,0,0,0,0,0,0,0,0,0,0,0,0,0,0,0,0,0,0,0,0
bedtools_merge_narrow,chufuyun,/tmp/tmpeohpr8dh/workflow/rules/consensus_peak_analysis.smk,0,0,0,0,0,0,0,0,0,0,0,0,0,0,0,0,0,0,0,0,0,0,0,0,0
macs2_merged_expand,chufuyun,/tmp/tmpeohpr8dh/workflow/rules/consensus_peak_analysis.smk,0,0,0,0,0,0,0,0,0,0,0,0,0,0,0,0,0,0,0,0,0,0,0,0,0
create_consensus_bed,chufuyun,/tmp/tmpeohpr8dh/workflow/rules/consensus_peak_analysis.smk,0,0,0,0,0,0,0,0,0,0,0,0,0,0,0,0,0,0,0,0,0,0,0,0,0
create_consensus_saf,chufuyun,/tmp/tmpeohpr8dh/workflow/rules/consensus_peak_analysis.smk,0,0,0,0,0,0,0,0,0,0,0,0,0,0,0,0,0,0,0,0,0,0,0,0,0
plot_peak_intersect,chufuyun,/tmp/tmpeohpr8dh/workflow/rules/consensus_peak_analysis.smk,0,0,0,0,0,0,0,0,0,0,0,0,0,0,0,0,0,0,0,0,0,0,0,0,0
create_consensus_igv,chufuyun,/tmp/tmpeohpr8dh/workflow/rules/consensus_peak_analysis.smk,0,0,0,0,0,0,0,0,0,0,0,0,0,0,0,0,0,0,0,0,0,0,0,0,0
homer_consensus_annotatepeaks,chufuyun,/tmp/tmpeohpr8dh/workflow/rules/consensus_peak_analysis.smk,0,0,0,0,0,0,0,0,0,0,0,0,0,0,0,0,1,0,0,0,0,0,0,0,0
trim_homer_consensus_annotatepeaks,chufuyun,/tmp/tmpeohpr8dh/workflow/rules/consensus_peak_analysis.smk,0,0,0,0,0,0,0,0,0,0,0,0,0,0,0,0,0,0,0,0,0,0,0,0,0
merge_bool_and_annotatepeaks,chufuyun,/tmp/tmpeohpr8dh/workflow/rules/consensus_peak_analysis.smk,0,0,0,0,0,0,0,0,0,0,0,0,0,0,0,0,0,0,0,0,0,0,0,0,0
feature_counts,chufuyun,/tmp/tmpeohpr8dh/workflow/rules/consensus_peak_analysis.smk,0,0,0,0,0,0,0,0,0,0,0,0,0,0,0,0,0,0,0,0,0,0,0,0,0
featurecounts_modified_colnames,chufuyun,/tmp/tmpeohpr8dh/workflow/rules/consensus_peak_analysis.smk,0,0,0,0,0,0,0,0,0,0,0,0,0,0,0,0,0,0,0,0,0,0,0,0,0
featurecounts_deseq2,chufuyun,/tmp/tmpeohpr8dh/workflow/rules/consensus_peak_analysis.smk,0,0,0,0,0,0,0,0,0,0,0,0,0,0,0,0,0,0,0,0,0,0,0,0,0
create_deseq2_igv,chufuyun,/tmp/tmpeohpr8dh/workflow/rules/consensus_peak_analysis.smk,0,0,0,0,0,0,0,0,0,0,0,0,0,0,0,0,0,0,0,0,0,0,0,0,0
preseq_lc_extrap,chufuyun,/tmp/tmpeohpr8dh/workflow/rules/post-analysis.smk,0,0,0,0,0,0,0,0,0,0,0,0,0,0,0,0,0,0,0,0,0,0,0,0,0
collect_multiple_metrics,chufuyun,/tmp/tmpeohpr8dh/workflow/rules/post-analysis.smk,0,0,0,0,0,0,0,0,0,0,0,0,0,0,0,0,0,0,0,0,1,0,0,0,0
genomecov,chufuyun,/tmp/tmpeohpr8dh/workflow/rules/post-analysis.smk,0,0,0,0,0,0,0,0,0,0,0,0,0,0,0,0,0,0,0,0,0,0,0,0,0
sort_genomecov,chufuyun,/tmp/tmpeohpr8dh/workflow/rules/post-analysis.smk,0,0,0,0,0,0,0,0,0,0,0,0,0,0,0,0,0,0,0,0,0,0,0,0,0
bedGraphToBigWig,chufuyun,/tmp/tmpeohpr8dh/workflow/rules/post-analysis.smk,0,0,0,0,0,0,0,0,0,0,0,0,0,0,0,0,0,0,0,0,0,0,0,0,0
create_igv_bigwig,chufuyun,/tmp/tmpeohpr8dh/workflow/rules/post-analysis.smk,0,0,0,0,0,0,0,0,0,0,0,0,0,0,0,0,0,0,0,0,0,0,0,0,0
compute_matrix,chufuyun,/tmp/tmpeohpr8dh/workflow/rules/post-analysis.smk,0,0,0,0,0,0,0,0,0,0,0,0,0,0,0,0,0,0,0,0,0,0,0,0,0
plot_profile,chufuyun,/tmp/tmpeohpr8dh/workflow/rules/post-analysis.smk,0,0,0,0,0,0,0,0,0,0,0,0,0,0,0,0,0,0,0,0,0,0,0,0,0
plot_heatmap,chufuyun,/tmp/tmpeohpr8dh/workflow/rules/post-analysis.smk,0,0,0,0,0,0,0,0,0,0,0,0,0,0,0,0,0,0,0,0,0,0,0,0,0
phantompeakqualtools,chufuyun,/tmp/tmpeohpr8dh/workflow/rules/post-analysis.smk,0,0,0,0,0,0,0,0,0,0,0,0,0,0,0,0,0,0,0,0,0,0,0,0,0
phantompeak_correlation,chufuyun,/tmp/tmpeohpr8dh/workflow/rules/post-analysis.smk,0,0,0,0,0,0,0,0,0,0,0,0,0,0,0,0,0,0,0,0,0,0,0,0,0
phantompeak_multiqc,chufuyun,/tmp/tmpeohpr8dh/workflow/rules/post-analysis.smk,0,0,0,0,0,0,0,0,0,0,0,0,0,0,0,0,0,0,0,0,0,0,0,0,0
samtools_view_filter,chufuyun,/tmp/tmpeohpr8dh/workflow/rules/filtering.smk,0,0,0,0,0,0,0,0,0,0,0,0,0,0,0,0,0,0,0,0,0,0,0,0,0
bamtools_filter_json,chufuyun,/tmp/tmpeohpr8dh/workflow/rules/filtering.smk,0,0,0,0,0,0,0,0,0,0,0,0,0,0,0,0,0,0,0,0,0,0,0,0,0
samtools_sort,chufuyun,/tmp/tmpeohpr8dh/workflow/rules/filtering.smk,0,0,0,0,0,0,0,0,0,0,0,0,0,0,0,0,0,0,0,0,0,0,0,0,0
orphan_remove,chufuyun,/tmp/tmpeohpr8dh/workflow/rules/filtering.smk,0,0,0,0,0,0,0,0,0,0,0,0,0,0,0,0,0,0,0,0,0,0,0,0,0
samtools_sort_pe,chufuyun,/tmp/tmpeohpr8dh/workflow/rules/filtering.smk,0,0,0,0,0,0,0,0,0,0,0,0,0,0,0,0,0,0,0,0,0,0,0,0,0
merge_se_pe,chufuyun,/tmp/tmpeohpr8dh/workflow/rules/filtering.smk,0,0,0,0,0,0,0,0,0,0,0,0,0,0,0,0,0,0,0,0,0,0,0,0,0
all,vojdam,/tmp/tmpuq8pbsfv/workflow/Snakefile,0,0,0,0,0,0,0,0,0,0,0,0,0,0,0,0,0,0,0,0,0,0,0,0,0
convert_idat,vojdam,/tmp/tmpuq8pbsfv/workflow/rules/idat_to_graph.smk,0,0,0,0,0,0,0,0,0,0,0,0,0,0,0,0,0,0,0,0,0,0,0,0,0
generate_tsne,vojdam,/tmp/tmpuq8pbsfv/workflow/rules/idat_to_graph.smk,0,0,0,0,0,0,0,0,0,0,0,0,0,0,0,0,0,0,0,0,0,0,0,0,0
generate_umap,vojdam,/tmp/tmpuq8pbsfv/workflow/rules/idat_to_graph.smk,0,0,0,0,0,0,0,0,0,0,0,0,0,0,0,0,0,0,0,0,0,0,0,0,0
all,tahiri-lab,/tmp/tmpb2ntbu1v/workflow/Snakefile,0,0,0,0,0,0,0,0,0,0,0,0,0,0,0,0,0,0,0,0,0,0,0,0,0
rf_phyML,tahiri-lab,/tmp/tmpb2ntbu1v/workflow/rules/rf_phyML.smk,0,0,0,0,0,0,0,0,0,0,0,0,0,0,0,0,0,0,0,0,0,0,0,0,0
qc_windows,tahiri-lab,/tmp/tmpb2ntbu1v/workflow/rules/phyloGeo.smk,0,0,0,0,0,0,0,0,0,0,0,0,0,0,0,0,0,0,0,0,0,0,0,0,0
runRaxML,tahiri-lab,/tmp/tmpb2ntbu1v/workflow/rules/phyloGeo.smk,0,0,0,0,0,0,0,0,0,0,0,0,0,0,0,0,0,0,0,0,0,0,0,0,0
bootstrapFilter2,tahiri-lab,/tmp/tmpb2ntbu1v/workflow/rules/phyloGeo.smk,0,0,0,0,0,0,0,0,0,0,0,0,0,0,0,0,0,0,0,0,0,0,0,0,0
rf_distance2,tahiri-lab,/tmp/tmpb2ntbu1v/workflow/rules/phyloGeo.smk,0,0,0,0,0,0,0,0,0,0,0,0,0,0,0,0,0,0,0,0,0,0,0,0,0
runFasttree,tahiri-lab,/tmp/tmpb2ntbu1v/workflow/rules/phyloGeo.smk,0,0,0,0,0,0,0,0,0,0,0,0,0,0,0,0,0,0,0,0,0,0,0,0,0
bootstrapFilter_fasttree,tahiri-lab,/tmp/tmpb2ntbu1v/workflow/rules/phyloGeo.smk,0,0,0,0,0,0,0,0,0,0,0,0,0,0,0,0,0,0,0,0,0,0,0,0,0
rf_distance_fasttree,tahiri-lab,/tmp/tmpb2ntbu1v/workflow/rules/phyloGeo.smk,0,0,0,0,0,0,0,0,0,0,0,0,0,0,0,0,0,0,0,0,0,0,0,0,0
rf_distance,tahiri-lab,/tmp/tmpb2ntbu1v/workflow/rules/phyML2.smk,0,0,0,0,0,0,0,0,0,0,0,0,0,0,0,0,0,0,0,0,0,0,0,0,0
bootstrap_consensus,tahiri-lab,/tmp/tmpb2ntbu1v/workflow/rules/phyML2.smk,0,0,0,0,0,0,0,0,0,0,0,0,0,0,0,0,0,0,0,0,0,0,0,0,0
sliding_windows,tahiri-lab,/tmp/tmpb2ntbu1v/workflow/rules/slidingWindows1a.smk,0,0,0,0,0,0,0,0,0,0,0,0,0,0,0,0,0,0,0,0,0,0,0,0,0
create_Matrix,tahiri-lab,/tmp/tmpb2ntbu1v/workflow/rules/refTrees1b.smk,0,0,0,0,0,0,0,0,0,0,0,0,0,0,0,0,0,0,0,0,0,0,0,0,0
all,robinmeyers,/tmp/tmpr6g7snvh/Snakefile,0,0,0,0,0,0,0,0,0,0,0,0,0,0,0,0,0,0,0,0,0,0,0,0,0
alignment_summary,robinmeyers,/tmp/tmpr6g7snvh/Snakefile,0,0,0,0,0,0,0,0,0,0,0,0,0,0,0,0,1,0,0,0,0,0,0,0,0
run_fastqc,robinmeyers,/tmp/tmpr6g7snvh/rules/reads.smk,0,0,0,0,0,0,0,0,0,0,0,0,0,0,0,0,0,0,0,0,0,0,0,0,0
merge_fastqs,robinmeyers,/tmp/tmpr6g7snvh/rules/reads.smk,0,0,0,0,0,0,0,0,0,0,0,0,0,0,0,0,0,0,0,0,0,0,0,0,0
trim_adaptors,robinmeyers,/tmp/tmpr6g7snvh/rules/reads.smk,0,0,0,0,0,0,0,0,0,0,0,0,0,0,0,0,0,0,0,0,0,0,0,0,0
call_seacr_peaks,robinmeyers,/tmp/tmpr6g7snvh/rules/peaks.smk,0,0,0,0,0,0,0,0,0,0,0,0,0,0,0,0,1,0,0,0,0,0,0,0,0
call_seacr_peaks_vs_control,robinmeyers,/tmp/tmpr6g7snvh/rules/peaks.smk,0,0,0,0,0,0,0,0,0,0,0,0,0,0,0,0,1,0,0,0,0,0,0,0,0
call_macs2_peaks_vs_control,robinmeyers,/tmp/tmpr6g7snvh/rules/peaks.smk,0,0,0,0,0,0,0,0,0,0,0,0,0,0,0,0,1,0,0,0,0,0,0,0,0
align,robinmeyers,/tmp/tmpr6g7snvh/rules/align.smk,0,0,0,0,0,0,0,0,0,0,0,0,0,0,0,0,1,0,0,0,0,0,0,0,0
align_spikein,robinmeyers,/tmp/tmpr6g7snvh/rules/align.smk,0,0,0,0,0,0,0,0,0,0,0,0,0,0,0,0,1,0,0,0,0,0,0,0,0
seqdepth,robinmeyers,/tmp/tmpr6g7snvh/rules/align.smk,0,0,0,0,0,0,0,0,0,0,0,0,0,0,0,0,0,0,0,0,0,0,0,0,0
spikein_seqdepth,robinmeyers,/tmp/tmpr6g7snvh/rules/align.smk,0,0,0,0,0,0,0,0,0,0,0,0,0,0,0,0,0,0,0,0,0,0,0,0,0
fragment_size,robinmeyers,/tmp/tmpr6g7snvh/rules/align.smk,0,0,0,0,0,0,0,0,0,0,0,0,0,0,0,0,0,0,0,0,0,0,0,0,0
filter_excluded_regions_bam,robinmeyers,/tmp/tmpr6g7snvh/rules/align.smk,0,0,0,1,0,0,0,0,0,0,0,0,0,0,0,0,0,0,0,0,0,0,0,0,0
sort_filter_bam,robinmeyers,/tmp/tmpr6g7snvh/rules/align.smk,0,0,0,0,0,0,0,0,0,0,0,0,0,0,0,0,1,0,0,0,0,0,0,0,0
sort_filter_spikein_bam,robinmeyers,/tmp/tmpr6g7snvh/rules/align.smk,0,0,0,0,0,0,0,0,0,0,0,0,0,0,0,0,1,0,0,0,0,0,0,0,0
bam_to_bed,robinmeyers,/tmp/tmpr6g7snvh/rules/align.smk,0,0,0,0,0,0,0,0,0,0,0,0,0,0,0,0,0,0,0,0,0,0,0,0,0
clean_bed,robinmeyers,/tmp/tmpr6g7snvh/rules/align.smk,0,0,0,0,0,0,0,0,0,0,0,0,0,0,0,0,0,0,0,0,0,0,0,0,0
sam_to_bam,robinmeyers,/tmp/tmpr6g7snvh/rules/align.smk,0,0,0,0,0,0,0,0,0,0,0,0,0,0,0,0,0,0,0,0,0,0,0,0,0
samtools_index,robinmeyers,/tmp/tmpr6g7snvh/rules/align.smk,0,0,0,0,0,0,0,0,0,0,0,0,0,0,0,0,0,0,0,0,0,0,0,0,0
bed_to_bedgraph,robinmeyers,/tmp/tmpr6g7snvh/rules/signal.smk,0,0,0,0,0,0,0,0,0,0,0,0,0,0,0,0,1,0,0,0,0,0,0,0,0
bed_to_scaled_bedgraph,robinmeyers,/tmp/tmpr6g7snvh/rules/signal.smk,0,0,0,0,0,0,0,0,0,0,0,0,0,0,0,0,1,0,0,0,0,0,0,0,0
bed_to_scaled_bedgraph_spikein,robinmeyers,/tmp/tmpr6g7snvh/rules/signal.smk,0,0,0,0,0,0,0,0,0,0,0,0,0,0,0,0,1,0,0,0,0,0,0,0,0
bedgraph_to_bigwig,robinmeyers,/tmp/tmpr6g7snvh/rules/signal.smk,0,0,0,0,0,0,0,0,0,0,0,0,0,0,0,0,0,0,0,0,0,0,0,0,0
merge_samples,robinmeyers,/tmp/tmpr6g7snvh/rules/conditions.smk,0,0,0,0,0,0,0,0,0,0,0,0,0,0,0,0,0,0,0,0,0,0,0,0,0
merge_controls,robinmeyers,/tmp/tmpr6g7snvh/rules/conditions.smk,0,0,0,0,0,0,0,0,0,0,0,0,0,0,0,0,0,0,0,0,0,0,0,0,0
merge_sample_spikeins,robinmeyers,/tmp/tmpr6g7snvh/rules/conditions.smk,0,0,0,0,0,0,0,0,0,0,0,0,0,0,0,0,0,0,0,0,0,0,0,0,0
merge_control_spikeins,robinmeyers,/tmp/tmpr6g7snvh/rules/conditions.smk,0,0,0,0,0,0,0,0,0,0,0,0,0,0,0,0,0,0,0,0,0,0,0,0,0
all,robinmeyers,/tmp/tmpqz2fcku8/Snakefile,0,0,0,0,0,0,0,0,0,0,0,0,0,0,0,0,0,0,0,0,0,0,0,0,0
clean_up,robinmeyers,/tmp/tmpqz2fcku8/Snakefile,0,0,0,0,0,0,0,0,0,0,0,0,0,0,0,0,0,0,0,0,0,0,0,0,0
gather_qc,robinmeyers,/tmp/tmpqz2fcku8/Snakefile,0,0,0,0,0,0,0,0,0,0,0,0,0,0,0,0,0,0,0,0,0,0,0,0,0
merge_bams,robinmeyers,/tmp/tmpqz2fcku8/Snakefile,0,0,0,0,0,0,0,0,0,0,0,0,0,0,0,0,0,0,0,0,0,0,0,0,0
all_nucleoatac,robinmeyers,/tmp/tmpqz2fcku8/Snakefile,0,0,0,0,0,0,0,0,0,0,0,0,0,0,0,0,0,0,0,0,0,0,0,0,0
slop_consensus_peaks,robinmeyers,/tmp/tmpqz2fcku8/Snakefile,0,0,0,0,0,0,0,0,0,0,0,0,0,0,0,0,0,0,0,0,0,0,0,0,0
nucleoatac_bedgraph_to_bigwig,robinmeyers,/tmp/tmpqz2fcku8/Snakefile,0,0,0,0,0,0,0,0,0,0,0,0,0,0,0,0,0,0,0,0,0,0,0,0,0
nucleoatac,robinmeyers,/tmp/tmpqz2fcku8/Snakefile,0,0,0,0,0,0,0,0,0,0,0,0,0,0,0,0,1,0,0,0,0,0,0,0,0
hmmratac,robinmeyers,/tmp/tmpqz2fcku8/Snakefile,0,0,0,0,0,0,0,0,0,0,0,0,0,0,0,0,1,0,0,0,0,0,0,0,0
collect_tag_align_files,robinmeyers,/tmp/tmpqz2fcku8/Snakefile,0,0,0,0,0,0,0,0,0,0,0,0,0,0,0,0,0,0,0,0,0,0,0,0,0
croo_collect_metadata,robinmeyers,/tmp/tmpqz2fcku8/Snakefile,0,0,0,0,0,0,0,0,0,0,0,0,0,0,0,0,0,0,0,0,0,0,0,0,0
run_cromwell_workflow,robinmeyers,/tmp/tmpqz2fcku8/Snakefile,0,0,0,0,0,0,0,0,0,0,0,0,0,0,0,0,1,0,0,0,0,0,0,1,0
make_json_input,robinmeyers,/tmp/tmpqz2fcku8/Snakefile,0,0,0,0,0,0,0,0,0,0,0,0,0,0,0,0,0,0,0,0,0,0,0,0,0
make_grouped_json_input,robinmeyers,/tmp/tmpqz2fcku8/Snakefile,0,0,0,0,0,0,0,0,0,0,0,0,0,0,0,0,0,0,0,0,0,0,0,0,0
merge_grouped_tagalign,robinmeyers,/tmp/tmpqz2fcku8/Snakefile,0,0,0,0,0,0,0,0,0,0,0,0,0,0,0,0,1,0,0,0,0,0,0,0,0
all,bcgsc,/tmp/tmpy5s0izct/Snakefile,0,0,0,0,0,0,0,0,0,0,0,0,0,0,0,0,0,0,0,0,0,0,0,0,0
download_ncit,bcgsc,/tmp/tmpy5s0izct/Snakefile,0,0,0,0,0,0,0,0,0,0,0,0,0,0,0,0,0,0,0,0,0,0,0,0,0
download_ncit_fda,bcgsc,/tmp/tmpy5s0izct/Snakefile,0,0,0,0,0,0,0,0,0,0,0,0,0,0,0,0,0,0,0,0,0,0,0,0,0
download_ensembl,bcgsc,/tmp/tmpy5s0izct/Snakefile,0,0,0,0,0,0,0,0,0,0,0,0,0,0,0,0,0,0,0,0,0,0,0,0,0
download_fda_srs,bcgsc,/tmp/tmpy5s0izct/Snakefile,0,0,0,0,0,0,0,0,0,0,0,0,0,0,0,0,0,0,0,0,0,0,0,0,0
download_refseq,bcgsc,/tmp/tmpy5s0izct/Snakefile,0,0,0,0,0,0,0,0,0,0,0,0,0,0,0,0,0,0,0,0,0,0,0,0,0
download_uberon,bcgsc,/tmp/tmpy5s0izct/Snakefile,0,0,0,0,0,0,0,0,0,0,0,0,0,0,0,0,0,0,0,0,0,0,0,0,0
download_do,bcgsc,/tmp/tmpy5s0izct/Snakefile,0,0,0,0,0,0,0,0,0,0,0,0,0,0,0,0,0,0,0,0,0,0,0,0,0
download_drugbank,bcgsc,/tmp/tmpy5s0izct/Snakefile,0,0,0,0,0,0,0,0,0,0,0,0,0,0,0,0,0,0,0,0,0,0,0,0,0
download_PMC4468049,bcgsc,/tmp/tmpy5s0izct/Snakefile,0,0,0,0,0,0,0,0,0,0,0,0,0,0,0,0,0,0,0,0,0,0,0,0,0
download_PMC4232638,bcgsc,/tmp/tmpy5s0izct/Snakefile,0,0,0,0,0,0,0,0,0,0,0,0,0,0,0,0,0,0,0,0,0,0,0,0,0
download_cgi,bcgsc,/tmp/tmpy5s0izct/Snakefile,0,0,0,0,0,0,0,0,0,0,0,0,0,0,0,0,0,0,0,0,0,0,0,0,0
download_local_data,bcgsc,/tmp/tmpy5s0izct/Snakefile,0,0,0,0,0,0,0,0,0,0,0,0,0,0,0,0,0,0,0,0,0,0,0,0,0
download_cancerhotspots,bcgsc,/tmp/tmpy5s0izct/Snakefile,0,0,0,0,0,0,0,0,0,0,0,0,0,0,0,0,0,0,0,0,0,0,0,0,0
download_cosmic_resistance,bcgsc,/tmp/tmpy5s0izct/Snakefile,0,0,0,0,0,0,0,0,0,0,0,0,0,0,0,0,0,0,0,0,0,0,0,0,0
download_cosmic_diseases,bcgsc,/tmp/tmpy5s0izct/Snakefile,0,0,0,0,0,0,0,0,0,0,0,0,0,0,0,0,0,0,0,0,0,0,0,0,0
download_cosmic_fusions,bcgsc,/tmp/tmpy5s0izct/Snakefile,0,0,0,0,0,0,0,0,0,0,0,0,0,0,0,0,0,0,0,0,0,0,0,0,0
load_local,bcgsc,/tmp/tmpy5s0izct/Snakefile,0,0,0,0,0,0,0,0,0,0,0,0,0,0,0,0,0,0,0,0,0,0,0,0,0
load_ncit,bcgsc,/tmp/tmpy5s0izct/Snakefile,0,0,0,0,0,0,0,0,0,0,0,0,0,0,0,0,0,0,0,0,0,0,0,0,0
load_fda_srs,bcgsc,/tmp/tmpy5s0izct/Snakefile,0,0,0,0,0,0,0,0,0,0,0,0,0,0,0,0,0,0,0,0,0,0,0,0,0
load_ncit_fda,bcgsc,/tmp/tmpy5s0izct/Snakefile,0,0,0,0,0,0,0,0,0,0,0,0,0,0,0,0,0,0,0,0,0,0,0,0,0
load_refseq,bcgsc,/tmp/tmpy5s0izct/Snakefile,0,0,0,0,0,0,0,0,0,0,0,0,0,0,0,0,0,0,0,0,0,0,0,0,0
load_ensembl,bcgsc,/tmp/tmpy5s0izct/Snakefile,0,0,0,0,0,0,0,0,0,0,0,0,0,0,0,0,0,0,0,0,0,0,0,0,0
load_do,bcgsc,/tmp/tmpy5s0izct/Snakefile,0,0,0,0,0,0,0,0,0,0,0,0,0,0,0,0,0,0,0,0,0,0,0,0,0
load_uberon,bcgsc,/tmp/tmpy5s0izct/Snakefile,0,0,0,0,0,0,0,0,0,0,0,0,0,0,0,0,0,0,0,0,0,0,0,0,0
load_drugbank,bcgsc,/tmp/tmpy5s0izct/Snakefile,0,0,0,0,0,0,0,0,0,0,0,0,0,0,0,0,0,0,0,0,0,0,0,0,0
load_oncotree,bcgsc,/tmp/tmpy5s0izct/Snakefile,0,0,0,0,0,0,0,0,0,0,0,0,0,0,0,0,0,0,0,0,0,0,0,0,0
all_drugs,bcgsc,/tmp/tmpy5s0izct/Snakefile,0,0,0,0,0,0,0,0,0,0,0,0,0,0,0,0,0,0,0,0,0,0,0,0,0
all_diseases,bcgsc,/tmp/tmpy5s0izct/Snakefile,0,0,0,0,0,0,0,0,0,0,0,0,0,0,0,0,0,0,0,0,0,0,0,0,0
all_local,bcgsc,/tmp/tmpy5s0izct/Snakefile,0,0,0,0,0,0,0,0,0,0,0,0,0,0,0,0,0,0,0,0,0,0,0,0,0
load_dgidb,bcgsc,/tmp/tmpy5s0izct/Snakefile,0,0,0,0,0,0,0,0,0,0,0,0,0,0,0,0,0,0,0,0,0,0,0,0,0
load_cancerhotspots,bcgsc,/tmp/tmpy5s0izct/Snakefile,0,0,0,0,0,0,0,0,0,0,0,0,0,0,0,0,0,0,0,0,0,0,0,0,0
load_PMC4232638,bcgsc,/tmp/tmpy5s0izct/Snakefile,0,0,0,0,0,0,0,0,0,0,0,0,0,0,0,0,0,0,0,0,0,0,0,0,0
load_PMC4468049,bcgsc,/tmp/tmpy5s0izct/Snakefile,0,0,0,0,0,0,0,0,0,0,0,0,0,0,0,0,0,0,0,0,0,0,0,0,0
load_civic,bcgsc,/tmp/tmpy5s0izct/Snakefile,0,0,0,0,0,0,0,0,0,0,0,0,0,0,0,0,0,0,0,0,0,0,0,0,0
load_cgi,bcgsc,/tmp/tmpy5s0izct/Snakefile,0,0,0,0,0,0,0,0,0,0,0,0,0,0,0,0,0,0,0,0,0,0,0,0,0
load_docm,bcgsc,/tmp/tmpy5s0izct/Snakefile,0,0,0,0,0,0,0,0,0,0,0,0,0,0,0,0,0,0,0,0,0,0,0,0,0
load_approvals,bcgsc,/tmp/tmpy5s0izct/Snakefile,0,0,0,0,0,0,0,0,0,0,0,0,0,0,0,0,0,0,0,0,0,0,0,0,0
load_clinicaltrialsgov,bcgsc,/tmp/tmpy5s0izct/Snakefile,0,0,0,0,0,0,0,0,0,0,0,0,0,0,0,0,0,0,0,0,0,0,0,0,0
load_cosmic_resistance,bcgsc,/tmp/tmpy5s0izct/Snakefile,0,0,0,0,0,0,0,0,0,0,0,0,0,0,0,0,0,0,0,0,0,0,0,0,0
load_cosmic_fusions,bcgsc,/tmp/tmpy5s0izct/Snakefile,0,0,0,0,0,0,0,0,0,0,0,0,0,0,0,0,0,0,0,0,0,0,0,0,0
load_moa,bcgsc,/tmp/tmpy5s0izct/Snakefile,0,0,0,0,0,0,0,0,0,0,0,0,0,0,0,0,0,0,0,0,0,0,0,0,0
download_sources,bcgsc,/tmp/tmpy5s0izct/Snakefile,0,0,0,0,0,0,0,0,0,0,0,0,0,0,0,0,0,0,0,0,0,0,0,0,0
load_sources,bcgsc,/tmp/tmpy5s0izct/Snakefile,0,0,0,0,0,0,0,0,0,0,0,0,0,0,0,0,0,0,0,0,0,0,0,0,0
all_ontologies,bcgsc,/tmp/tmpy5s0izct/Snakefile,0,0,0,0,0,0,0,0,0,0,0,0,0,0,0,0,0,0,0,0,0,0,0,0,0
all,daspacio9,/tmp/tmpq7twzrda/workflow/Snakefile,0,0,0,0,0,0,0,0,0,0,0,0,0,0,0,0,0,0,0,0,0,0,0,0,0
prepare_barcode_reference,daspacio9,/tmp/tmpq7twzrda/workflow/rules/prepare_reference.smk,0,0,0,0,0,0,0,0,0,0,0,0,0,0,0,0,0,0,0,0,0,0,0,0,0
chunk_pypileup,daspacio9,/tmp/tmpq7twzrda/workflow/rules/ab1writer.smk,0,0,0,0,0,0,0,0,0,0,0,0,0,0,0,0,0,0,0,0,0,0,0,0,0
write_ab1,daspacio9,/tmp/tmpq7twzrda/workflow/rules/ab1writer.smk,0,0,0,0,0,0,0,0,0,0,0,0,0,0,0,0,0,0,0,0,0,0,0,0,0
ab1_done,daspacio9,/tmp/tmpq7twzrda/workflow/rules/ab1writer.smk,0,0,0,0,0,0,0,0,0,0,0,0,0,0,0,0,0,0,0,0,0,0,0,0,0
fastq_to_fastq_subreads,daspacio9,/tmp/tmpq7twzrda/workflow/rules/consensus.smk,0,0,0,0,0,0,0,0,0,0,0,0,0,0,0,0,0,0,0,0,0,0,0,0,0
medaka_consensus_from_subreads,daspacio9,/tmp/tmpq7twzrda/workflow/rules/consensus.smk,0,0,0,0,0,0,0,0,0,0,0,0,0,0,0,0,0,0,0,0,0,0,0,0,0
split_fastq,daspacio9,/tmp/tmpq7twzrda/workflow/rules/consensus.smk,0,0,0,0,0,0,0,0,0,0,0,0,0,0,0,0,0,0,0,0,0,0,0,0,0
consensus_summary_csv,daspacio9,/tmp/tmpq7twzrda/workflow/rules/consensus.smk,0,0,0,0,0,0,0,0,0,0,0,0,0,0,0,0,0,0,0,0,0,0,0,0,0
aln_to_consensus,daspacio9,/tmp/tmpq7twzrda/workflow/rules/align.smk,0,0,0,0,0,0,0,0,0,0,0,0,0,0,0,0,0,0,0,0,0,0,0,0,0
parse_mpileup_ref_match,daspacio9,/tmp/tmpq7twzrda/workflow/rules/align.smk,0,0,0,0,0,0,0,0,0,0,0,0,0,0,0,0,0,0,0,0,0,0,0,0,0
plot_coverage,daspacio9,/tmp/tmpq7twzrda/workflow/rules/align.smk,0,0,0,0,0,0,0,0,0,0,0,0,0,0,0,0,0,0,0,0,0,0,0,0,0
coverage_done,daspacio9,/tmp/tmpq7twzrda/workflow/rules/align.smk,0,0,0,0,0,0,0,0,0,0,0,0,0,0,0,0,0,0,0,0,0,0,0,0,0
plot_done,daspacio9,/tmp/tmpq7twzrda/workflow/rules/align.smk,0,0,0,0,0,0,0,0,0,0,0,0,0,0,0,0,0,0,0,0,0,0,0,0,0
filter_reads_by_length,daspacio9,/tmp/tmpq7twzrda/workflow/rules/demux.smk,0,0,0,0,0,0,0,0,0,0,0,0,0,0,0,0,0,0,0,0,0,0,0,0,0
count_filtered_reads,daspacio9,/tmp/tmpq7twzrda/workflow/rules/demux.smk,0,0,0,0,0,0,0,0,0,0,0,0,0,0,0,0,0,0,0,0,0,0,0,0,0
cutadapt_demux_linked,daspacio9,/tmp/tmpq7twzrda/workflow/rules/demux.smk,0,0,0,0,0,0,0,0,0,0,0,0,0,0,0,0,0,0,0,0,0,0,0,0,0
demux_stats,daspacio9,/tmp/tmpq7twzrda/workflow/rules/demux.smk,0,0,0,0,0,0,0,0,0,0,0,0,0,0,0,0,0,0,0,0,0,0,0,0,0
move_low_depth_subreads,daspacio9,/tmp/tmpq7twzrda/workflow/rules/demux.smk,0,0,0,0,0,0,0,0,0,0,0,0,0,0,0,0,0,0,0,0,0,0,0,0,0
move_file,daspacio9,/tmp/tmpq7twzrda/workflow/rules/demux.smk,0,0,0,0,0,0,0,0,0,0,0,0,0,0,0,0,0,0,0,0,0,0,0,0,0
finalize_demux,daspacio9,/tmp/tmpq7twzrda/workflow/rules/demux.smk,0,0,0,0,0,0,0,0,0,0,0,0,0,0,0,0,0,0,0,0,0,0,0,0,0
make_pppp_output_dir,daspacio9,/tmp/tmpq7twzrda/workflow/rules/clean.smk,0,0,0,0,0,0,0,0,0,0,0,0,0,0,0,0,0,0,0,0,0,0,0,0,0
alignment_clean,daspacio9,/tmp/tmpq7twzrda/workflow/rules/clean.smk,0,0,0,0,0,0,0,0,0,0,0,0,0,0,0,0,0,0,0,0,0,0,0,0,0
demux_clean,daspacio9,/tmp/tmpq7twzrda/workflow/rules/clean.smk,0,0,0,0,0,0,0,0,0,0,0,0,0,0,0,0,0,0,0,0,0,0,0,0,0
consensus_clean,daspacio9,/tmp/tmpq7twzrda/workflow/rules/clean.smk,0,0,0,0,0,0,0,0,0,0,0,0,0,0,0,0,0,0,0,0,0,0,0,0,0
logs_clean,daspacio9,/tmp/tmpq7twzrda/workflow/rules/clean.smk,0,0,0,0,0,0,0,0,0,0,0,0,0,0,0,0,0,0,0,0,0,0,0,0,0
report_clean,daspacio9,/tmp/tmpq7twzrda/workflow/rules/clean.smk,0,0,0,0,0,0,0,0,0,0,0,0,0,0,0,0,0,0,0,0,0,0,0,0,0
ab1_clean,daspacio9,/tmp/tmpq7twzrda/workflow/rules/clean.smk,0,0,0,0,0,0,0,0,0,0,0,0,0,0,0,0,0,0,0,0,0,0,0,0,0
clean,daspacio9,/tmp/tmpq7twzrda/workflow/rules/clean.smk,0,0,0,0,0,0,0,0,0,0,0,0,0,0,0,0,0,0,0,0,0,0,0,0,0
all,varlociraptor,/tmp/tmp04dqgc3z/workflow/Snakefile,0,0,0,0,0,0,0,0,0,0,0,0,0,0,0,0,0,0,0,0,0,0,0,0,0
bwameth_index,varlociraptor,/tmp/tmp04dqgc3z/workflow/rules/alignments.smk,0,0,0,0,0,0,0,0,0,0,0,0,0,0,0,0,0,0,0,0,0,0,0,0,0
align_reads_pe,varlociraptor,/tmp/tmp04dqgc3z/workflow/rules/alignments.smk,0,0,0,0,0,0,0,0,0,0,0,0,0,0,0,0,1,0,0,0,0,0,0,0,0
align_reads_se,varlociraptor,/tmp/tmp04dqgc3z/workflow/rules/alignments.smk,0,0,0,0,0,0,0,0,0,0,0,0,0,0,0,0,1,0,0,0,0,0,0,0,0
aligned_reads_sort,varlociraptor,/tmp/tmp04dqgc3z/workflow/rules/alignments.smk,0,0,0,0,0,0,0,0,0,0,0,0,0,0,0,0,0,0,0,0,0,0,0,0,0
aligned_reads_index,varlociraptor,/tmp/tmp04dqgc3z/workflow/rules/alignments.smk,0,0,0,0,0,0,0,0,0,0,0,0,0,0,0,0,0,0,0,0,0,0,0,0,0
aligned_reads_focus_on_chromosome,varlociraptor,/tmp/tmp04dqgc3z/workflow/rules/alignments.smk,0,0,0,0,0,0,0,0,0,0,0,0,0,0,0,0,0,0,0,0,0,0,0,0,0
aligned_reads_filter_on_mapq,varlociraptor,/tmp/tmp04dqgc3z/workflow/rules/alignments.smk,0,0,0,0,0,0,0,0,0,0,0,0,0,0,0,0,0,0,0,0,0,0,0,0,0
aligned_reads_markduplicates,varlociraptor,/tmp/tmp04dqgc3z/workflow/rules/alignments.smk,0,0,0,0,0,0,0,0,0,0,0,0,0,0,0,0,1,0,0,0,0,0,0,0,0
aligned_reads_merge_sras,varlociraptor,/tmp/tmp04dqgc3z/workflow/rules/alignments.smk,0,0,0,0,0,0,0,0,0,0,0,0,0,0,0,0,0,0,0,0,0,0,0,0,0
aligned_reads_downsample,varlociraptor,/tmp/tmp04dqgc3z/workflow/rules/alignments.smk,0,0,0,0,0,0,0,0,0,0,0,0,0,0,0,0,0,0,0,0,0,0,0,0,0
aligned_reads_downsampled_index,varlociraptor,/tmp/tmp04dqgc3z/workflow/rules/alignments.smk,0,0,0,0,0,0,0,0,0,0,0,0,0,0,0,0,0,0,0,0,0,0,0,0,0
aligned_reads_rename_chromosomes,varlociraptor,/tmp/tmp04dqgc3z/workflow/rules/alignments.smk,0,0,0,0,0,0,0,0,0,0,0,0,0,0,0,0,0,0,0,0,0,0,0,0,0
aligned_reads_renamed_index,varlociraptor,/tmp/tmp04dqgc3z/workflow/rules/alignments.smk,0,0,0,0,0,0,0,0,0,0,0,0,0,0,0,0,0,0,0,0,0,0,0,0,0
aligned_reads_candidates_region,varlociraptor,/tmp/tmp04dqgc3z/workflow/rules/alignments.smk,0,0,0,0,0,0,0,0,0,0,0,0,0,0,0,0,0,0,0,0,0,0,0,0,0
aligned_reads_candidates_region_index,varlociraptor,/tmp/tmp04dqgc3z/workflow/rules/alignments.smk,0,0,0,0,0,0,0,0,0,0,0,0,0,0,0,0,0,0,0,0,0,0,0,0,0
compute_pandas_df,varlociraptor,/tmp/tmp04dqgc3z/workflow/rules/plot_results.smk,0,0,0,0,0,0,0,0,0,0,0,0,0,0,0,0,1,0,0,0,0,0,0,0,0
compute_varlo_df,varlociraptor,/tmp/tmp04dqgc3z/workflow/rules/plot_results.smk,0,0,0,0,0,0,0,0,0,0,0,0,0,0,0,0,1,0,0,0,0,0,0,0,0
common_tool_df,varlociraptor,/tmp/tmp04dqgc3z/workflow/rules/plot_results.smk,0,0,0,0,0,0,0,0,0,0,0,0,0,0,0,0,1,0,0,0,0,0,0,0,0
merge_replicates,varlociraptor,/tmp/tmp04dqgc3z/workflow/rules/plot_results.smk,0,0,0,0,0,0,0,0,0,0,0,0,0,0,0,0,1,0,0,0,0,0,0,0,0
prepare_plot_df,varlociraptor,/tmp/tmp04dqgc3z/workflow/rules/plot_results.smk,0,0,0,0,0,0,0,0,0,0,0,0,0,0,0,0,1,0,0,0,0,0,0,0,0
plot_heatmaps,varlociraptor,/tmp/tmp04dqgc3z/workflow/rules/plot_results.smk,0,0,0,0,0,0,0,0,0,0,0,0,0,0,0,0,1,0,0,0,0,0,0,0,0
plots_bars_illumina,varlociraptor,/tmp/tmp04dqgc3z/workflow/rules/plot_results.smk,0,0,0,0,0,0,0,0,0,0,0,0,0,0,0,0,1,0,0,0,0,0,0,0,0
plot_bias,varlociraptor,/tmp/tmp04dqgc3z/workflow/rules/plot_results.smk,0,0,0,0,0,0,0,0,0,0,0,0,0,0,0,0,1,0,0,0,0,0,0,0,0
plot_runtime_comparison,varlociraptor,/tmp/tmp04dqgc3z/workflow/rules/plot_results.smk,0,0,0,0,0,0,0,0,0,0,0,0,0,0,0,0,0,0,0,0,0,0,0,0,0
methylDackel_compute_meth,varlociraptor,/tmp/tmp04dqgc3z/workflow/rules/methylDackel.smk,0,0,0,0,0,0,0,0,0,0,0,0,0,0,0,0,0,0,0,0,0,0,0,0,0
methylDackel_rename_output,varlociraptor,/tmp/tmp04dqgc3z/workflow/rules/methylDackel.smk,0,0,0,0,0,0,0,0,0,0,0,0,0,0,0,0,0,0,0,0,0,0,0,0,0
find_candidates,varlociraptor,/tmp/tmp04dqgc3z/workflow/rules/candidates.smk,0,0,0,0,0,0,0,0,0,0,0,0,0,0,0,0,0,0,0,0,0,0,0,0,0
split_candidates,varlociraptor,/tmp/tmp04dqgc3z/workflow/rules/candidates.smk,0,0,0,0,0,0,0,0,0,0,0,0,0,0,0,0,0,0,0,0,0,0,0,0,0
index_candidates,varlociraptor,/tmp/tmp04dqgc3z/workflow/rules/candidates.smk,0,0,0,0,0,0,0,0,0,0,0,0,0,0,0,0,0,0,0,0,0,0,0,0,0
mason_download,varlociraptor,/tmp/tmp04dqgc3z/workflow/rules/mason.smk,0,0,0,0,0,0,0,0,0,0,0,0,0,0,0,0,0,0,0,0,0,0,0,0,0
mason_fake_methylation,varlociraptor,/tmp/tmp04dqgc3z/workflow/rules/mason.smk,0,0,0,0,0,0,0,0,0,0,0,0,0,0,0,0,0,0,0,0,0,0,0,0,0
mason_fake_variants,varlociraptor,/tmp/tmp04dqgc3z/workflow/rules/mason.smk,0,0,0,0,0,0,0,0,0,0,0,0,0,0,0,0,0,0,0,0,0,0,0,0,0
mason_fake_reads,varlociraptor,/tmp/tmp04dqgc3z/workflow/rules/mason.smk,0,0,0,0,0,0,0,0,0,0,0,0,0,0,0,0,0,0,0,0,0,0,0,0,0
mason_align_reads,varlociraptor,/tmp/tmp04dqgc3z/workflow/rules/mason.smk,0,0,0,0,0,0,0,0,0,0,0,0,0,0,0,0,0,0,0,0,0,0,0,0,0
mason_sam_to_bam,varlociraptor,/tmp/tmp04dqgc3z/workflow/rules/mason.smk,0,0,0,0,0,0,0,0,0,0,0,0,0,0,0,0,0,0,0,0,0,0,0,0,0
mason_sort_reads,varlociraptor,/tmp/tmp04dqgc3z/workflow/rules/mason.smk,0,0,0,0,0,0,0,0,0,0,0,0,0,0,0,0,0,0,0,0,0,0,0,0,0
mason_alignment_forward,varlociraptor,/tmp/tmp04dqgc3z/workflow/rules/mason.smk,0,0,0,0,0,0,0,0,0,0,0,0,0,0,0,0,0,0,0,0,0,0,0,0,0
mason_alignment_reverse,varlociraptor,/tmp/tmp04dqgc3z/workflow/rules/mason.smk,0,0,0,0,0,0,0,0,0,0,0,0,0,0,0,0,0,0,0,0,0,0,0,0,0
mason_sort_oriented_reads,varlociraptor,/tmp/tmp04dqgc3z/workflow/rules/mason.smk,0,0,0,0,0,0,0,0,0,0,0,0,0,0,0,0,0,0,0,0,0,0,0,0,0
mason_index_oriented_alignment,varlociraptor,/tmp/tmp04dqgc3z/workflow/rules/mason.smk,0,0,0,0,0,0,0,0,0,0,0,0,0,0,0,0,0,0,0,0,0,0,0,0,0
mason_coverage,varlociraptor,/tmp/tmp04dqgc3z/workflow/rules/mason.smk,0,0,0,0,0,0,0,0,0,0,0,0,0,0,0,0,0,0,0,0,0,0,0,0,0
mason_unzip_coverage,varlociraptor,/tmp/tmp04dqgc3z/workflow/rules/mason.smk,0,0,0,0,0,0,0,0,0,0,0,0,0,0,0,0,0,0,0,0,0,0,0,0,0
mason_compute_truth,varlociraptor,/tmp/tmp04dqgc3z/workflow/rules/mason.smk,0,0,0,0,0,0,0,0,0,0,0,0,0,0,0,0,0,0,0,0,0,0,0,0,0
varlociraptor_preprocess,varlociraptor,/tmp/tmp04dqgc3z/workflow/rules/varlociraptor_single_sample.smk,0,0,0,0,0,0,0,0,0,0,0,0,0,0,0,0,1,0,0,0,0,0,0,0,0
varlociraptor_call,varlociraptor,/tmp/tmp04dqgc3z/workflow/rules/varlociraptor_single_sample.smk,0,0,0,0,0,0,0,0,0,0,0,0,0,0,0,0,0,0,0,0,0,0,0,0,0
calls_to_vcf,varlociraptor,/tmp/tmp04dqgc3z/workflow/rules/varlociraptor_single_sample.smk,0,0,0,0,0,0,0,0,0,0,0,0,0,0,0,0,0,0,0,0,0,0,0,0,0
gather_calls,varlociraptor,/tmp/tmp04dqgc3z/workflow/rules/varlociraptor_single_sample.smk,0,0,0,0,0,0,0,0,0,0,0,0,0,0,0,0,0,0,0,0,0,0,0,0,0
download_genome,varlociraptor,/tmp/tmp04dqgc3z/workflow/rules/download_data.smk,0,0,0,0,0,0,0,0,0,0,0,0,0,0,0,0,0,0,0,0,0,0,0,0,0
genome_index,varlociraptor,/tmp/tmp04dqgc3z/workflow/rules/download_data.smk,0,0,0,0,0,0,0,0,0,0,0,0,0,0,0,0,0,0,0,0,0,0,0,0,0
focus_genome_on_chromosome,varlociraptor,/tmp/tmp04dqgc3z/workflow/rules/download_data.smk,0,0,0,0,0,0,0,0,0,0,0,0,0,0,0,0,0,0,0,0,0,0,0,0,0
chromosome_index,varlociraptor,/tmp/tmp04dqgc3z/workflow/rules/download_data.smk,0,0,0,0,0,0,0,0,0,0,0,0,0,0,0,0,0,0,0,0,0,0,0,0,0
rename_chromosome_in_fasta,varlociraptor,/tmp/tmp04dqgc3z/workflow/rules/download_data.smk,0,0,0,0,0,0,0,0,0,0,0,0,0,0,0,0,0,0,0,0,0,0,0,0,0
get_fastq_pe,varlociraptor,/tmp/tmp04dqgc3z/workflow/rules/download_data.smk,0,0,0,0,0,0,0,0,0,0,0,0,0,0,0,0,0,0,0,0,0,0,0,0,0
get_fastq_se,varlociraptor,/tmp/tmp04dqgc3z/workflow/rules/download_data.smk,0,0,0,0,0,0,0,0,0,0,0,0,0,0,0,0,0,0,0,0,0,0,0,0,0
trim_fastq_pe,varlociraptor,/tmp/tmp04dqgc3z/workflow/rules/download_data.smk,0,0,0,0,0,0,0,0,0,0,0,0,0,0,0,0,0,0,0,0,0,0,0,0,0
trim_fastq_se,varlociraptor,/tmp/tmp04dqgc3z/workflow/rules/download_data.smk,0,0,0,0,0,0,0,0,0,0,0,0,0,0,0,0,0,0,0,0,0,0,0,0,0
get_pacbio_data,varlociraptor,/tmp/tmp04dqgc3z/workflow/rules/download_data.smk,0,0,0,0,0,0,0,0,0,0,0,0,0,0,0,0,1,0,0,0,0,0,0,0,0
get_nanopore_data,varlociraptor,/tmp/tmp04dqgc3z/workflow/rules/download_data.smk,0,0,0,0,0,0,0,0,0,0,0,0,0,0,0,0,1,0,0,0,0,0,0,0,0
call_methylation_together_np_pb,varlociraptor,/tmp/tmp04dqgc3z/workflow/rules/varlociraptor_multi_sample.smk,0,0,0,0,0,0,0,0,0,0,0,0,0,0,0,0,0,0,0,0,0,0,0,0,0
call_methylation_together_np_trueOX,varlociraptor,/tmp/tmp04dqgc3z/workflow/rules/varlociraptor_multi_sample.smk,0,0,0,0,0,0,0,0,0,0,0,0,0,0,0,0,0,0,0,0,0,0,0,0,0
call_methylation_together_pb_trueOX,varlociraptor,/tmp/tmp04dqgc3z/workflow/rules/varlociraptor_multi_sample.smk,0,0,0,0,0,0,0,0,0,0,0,0,0,0,0,0,0,0,0,0,0,0,0,0,0
bissnp_download,varlociraptor,/tmp/tmp04dqgc3z/workflow/rules/bisSnp.smk,0,0,0,0,0,0,0,0,0,0,0,0,0,0,0,0,0,0,0,0,0,0,0,0,0
bissnp_prepare,varlociraptor,/tmp/tmp04dqgc3z/workflow/rules/bisSnp.smk,0,0,0,0,0,0,0,0,0,0,0,0,0,0,0,0,0,0,0,0,0,0,0,0,0
bissnp_extract,varlociraptor,/tmp/tmp04dqgc3z/workflow/rules/bisSnp.smk,0,0,0,0,0,0,0,0,0,0,0,0,0,0,0,0,1,0,0,0,0,0,0,0,0
gather_bisSnp,varlociraptor,/tmp/tmp04dqgc3z/workflow/rules/bisSnp.smk,0,0,0,0,0,0,0,0,0,0,0,0,0,0,0,0,0,0,0,0,0,0,0,0,0
bissnp_create_bedgraph,varlociraptor,/tmp/tmp04dqgc3z/workflow/rules/bisSnp.smk,0,0,0,0,0,0,0,0,0,0,0,0,0,0,0,0,0,0,0,0,0,0,0,0,0
bissnp_merge_positions,varlociraptor,/tmp/tmp04dqgc3z/workflow/rules/bisSnp.smk,0,0,0,0,0,0,0,0,0,0,0,0,0,0,0,0,0,0,0,0,0,0,0,0,0
bsmapz_clone_and_build,varlociraptor,/tmp/tmp04dqgc3z/workflow/rules/bsmapz.smk,0,0,0,0,0,0,0,0,0,0,0,0,0,0,0,0,0,0,0,0,0,0,0,0,0
bsmapz_compute_meth,varlociraptor,/tmp/tmp04dqgc3z/workflow/rules/bsmapz.smk,0,0,0,0,0,0,0,0,0,0,0,0,0,0,0,0,1,0,0,0,0,0,0,0,0
bsmapz_extract,varlociraptor,/tmp/tmp04dqgc3z/workflow/rules/bsmapz.smk,0,0,0,0,0,0,0,0,0,0,0,0,0,0,0,0,0,0,0,0,0,0,0,0,0
bsmapz_rename_output,varlociraptor,/tmp/tmp04dqgc3z/workflow/rules/bsmapz.smk,0,0,0,0,0,0,0,0,0,0,0,0,0,0,0,0,0,0,0,0,0,0,0,0,0
modkit_compute_methylation,varlociraptor,/tmp/tmp04dqgc3z/workflow/rules/modkit.smk,0,0,0,0,0,0,0,0,0,0,0,0,0,0,0,0,1,0,0,0,0,0,0,0,0
pb_CpG_download,varlociraptor,/tmp/tmp04dqgc3z/workflow/rules/pbCpgTools.smk,0,0,0,0,0,0,0,0,0,0,0,0,0,0,0,0,0,0,0,0,0,0,0,0,0
pb_CpG_compute_methylation,varlociraptor,/tmp/tmp04dqgc3z/workflow/rules/pbCpgTools.smk,0,0,0,0,0,0,0,0,0,0,0,0,0,0,0,0,0,0,0,0,0,0,0,0,0
pb_CpG_rename_output,varlociraptor,/tmp/tmp04dqgc3z/workflow/rules/pbCpgTools.smk,0,0,0,0,0,0,0,0,0,0,0,0,0,0,0,0,0,0,0,0,0,0,0,0,0
bismark_copy_genome,varlociraptor,/tmp/tmp04dqgc3z/workflow/rules/bismark.smk,0,0,0,0,0,0,0,0,0,0,0,0,0,0,0,0,0,0,0,0,0,0,0,0,0
bismark_copy_chromosome,varlociraptor,/tmp/tmp04dqgc3z/workflow/rules/bismark.smk,0,0,0,0,0,0,0,0,0,0,0,0,0,0,0,0,0,0,0,0,0,0,0,0,0
bismark_prepare_genome,varlociraptor,/tmp/tmp04dqgc3z/workflow/rules/bismark.smk,0,0,0,0,0,0,0,0,0,0,0,0,0,0,0,0,0,0,0,0,0,0,0,0,0
bismark_align,varlociraptor,/tmp/tmp04dqgc3z/workflow/rules/bismark.smk,0,0,0,0,0,0,0,0,0,0,0,0,0,0,0,0,1,0,0,0,0,0,0,0,0
samtools_merge,varlociraptor,/tmp/tmp04dqgc3z/workflow/rules/bismark.smk,0,0,0,0,0,0,0,0,0,0,0,0,0,0,0,0,0,0,0,0,0,0,0,0,0
samtools_sort,varlociraptor,/tmp/tmp04dqgc3z/workflow/rules/bismark.smk,0,0,0,0,0,0,0,0,0,0,0,0,0,0,0,0,1,0,0,0,0,0,0,0,0
deduplicate_bismark,varlociraptor,/tmp/tmp04dqgc3z/workflow/rules/bismark.smk,0,0,0,0,0,0,0,0,0,0,0,0,0,0,0,0,1,0,0,0,0,0,0,0,0
bismark_extract,varlociraptor,/tmp/tmp04dqgc3z/workflow/rules/bismark.smk,0,0,0,0,0,0,0,0,0,0,0,0,0,0,0,0,1,0,0,0,0,0,0,0,0
bismark_merge_positions,varlociraptor,/tmp/tmp04dqgc3z/workflow/rules/bismark.smk,0,0,0,0,0,0,0,0,0,0,0,0,0,0,0,0,0,0,0,0,0,0,0,0,0
all,FZJ-IEK3-VSA,/tmp/tmpewpr7yct/workflow/Snakefile,0,0,0,0,0,0,0,0,0,0,0,0,0,0,0,0,0,0,0,0,0,0,0,0,0
download_wikipedia_dump,FZJ-IEK3-VSA,/tmp/tmpewpr7yct/workflow/Snakefile,0,0,0,0,0,0,0,0,0,0,0,0,0,0,0,0,0,0,0,0,0,0,0,0,0
query_wikidata,FZJ-IEK3-VSA,/tmp/tmpewpr7yct/workflow/Snakefile,0,0,0,0,0,0,0,0,0,0,0,0,0,0,0,0,0,0,0,0,0,0,0,0,0
parse_wikipedia_dump,FZJ-IEK3-VSA,/tmp/tmpewpr7yct/workflow/Snakefile,0,0,0,0,0,0,0,0,0,0,0,0,0,0,0,0,0,0,0,0,0,0,0,0,0
get_unit_frequencies,FZJ-IEK3-VSA,/tmp/tmpewpr7yct/workflow/Snakefile,0,0,0,0,0,0,0,0,0,0,0,0,0,0,0,0,0,0,0,0,0,0,0,0,0
create_quantity_dataset,FZJ-IEK3-VSA,/tmp/tmpewpr7yct/workflow/Snakefile,0,0,0,0,0,0,0,0,0,0,0,0,0,0,0,0,0,0,0,0,0,0,0,0,0
create_context_dataset,FZJ-IEK3-VSA,/tmp/tmpewpr7yct/workflow/Snakefile,0,0,0,0,0,0,0,0,0,0,0,0,0,0,0,0,0,0,0,0,0,0,0,0,0
all,3D-Beacons,/tmp/tmpwkf24i42/Snakefile,0,0,0,0,0,0,0,0,0,0,0,0,0,0,0,0,0,0,0,0,0,0,0,0,0
pdb2cif,3D-Beacons,/tmp/tmpwkf24i42/Snakefile,0,0,0,0,0,0,0,0,0,0,0,0,0,0,0,0,0,0,0,0,0,0,0,0,0
cif2index,3D-Beacons,/tmp/tmpwkf24i42/Snakefile,0,0,0,0,0,0,0,0,0,0,0,0,0,0,0,0,0,0,0,0,0,0,0,0,0
loadindex,3D-Beacons,/tmp/tmpwkf24i42/Snakefile,0,0,0,0,0,0,0,0,0,0,0,0,0,0,0,0,0,0,0,0,0,0,0,0,0
all,scientificcomputing,/tmp/tmpvnln0112/workflow/Snakefile,0,0,0,0,0,0,0,0,0,0,0,0,0,0,0,0,0,0,0,0,0,0,0,0,0
downloadImageData,scientificcomputing,/tmp/tmpvnln0112/workflow/Snakefile,0,0,0,0,0,0,0,0,0,0,0,0,0,0,0,0,0,0,0,0,0,0,0,0,0
processImageData,scientificcomputing,/tmp/tmpvnln0112/workflow/Snakefile,0,0,0,0,0,0,0,0,0,0,0,0,0,0,0,0,0,0,1,0,0,0,0,1,0
extractSurfaces,scientificcomputing,/tmp/tmpvnln0112/workflow/Snakefile,0,0,0,0,0,0,0,0,0,0,0,0,0,0,0,0,0,0,1,0,0,0,0,1,0
generateMesh,scientificcomputing,/tmp/tmpvnln0112/workflow/Snakefile,0,0,0,0,0,0,0,0,0,0,0,0,0,0,0,0,0,0,1,0,0,0,0,1,0
evaluateMesh,scientificcomputing,/tmp/tmpvnln0112/workflow/Snakefile,0,0,0,0,0,0,0,0,0,0,0,0,0,0,0,0,0,0,0,0,0,0,0,0,0
takeScreenshot,scientificcomputing,/tmp/tmpvnln0112/workflow/Snakefile,0,0,0,0,0,0,0,0,0,0,0,0,0,0,0,0,0,0,0,0,0,0,0,0,0
generateAnalysisPlot,scientificcomputing,/tmp/tmpvnln0112/workflow/Snakefile,0,0,0,0,0,0,0,0,0,0,0,0,0,0,0,0,0,0,0,0,0,0,0,0,0
all,jsimonas,/tmp/tmpzpnzzbls/workflow/Snakefile,0,0,0,0,0,0,0,0,0,0,0,0,0,0,0,0,0,0,0,0,0,0,0,0,0
trim_reads,jsimonas,/tmp/tmpzpnzzbls/workflow/rules/trim.smk,0,0,0,0,0,0,0,0,0,0,0,0,0,0,0,0,0,0,0,0,0,0,0,0,0
parse_demux,jsimonas,/tmp/tmpzpnzzbls/workflow/rules/checkpoints.smk,0,0,0,0,0,0,0,0,0,0,0,0,0,0,0,0,0,0,0,0,0,0,0,0,0
fastqc,jsimonas,/tmp/tmpzpnzzbls/workflow/rules/qc.smk,0,0,0,0,0,0,0,0,0,0,0,0,0,0,0,0,1,0,0,0,0,0,0,0,0
mirtrace,jsimonas,/tmp/tmpzpnzzbls/workflow/rules/qc.smk,0,0,0,0,0,0,0,0,0,0,0,0,0,0,0,0,0,0,0,0,0,0,0,0,0
multiqc,jsimonas,/tmp/tmpzpnzzbls/workflow/rules/qc.smk,0,0,0,0,0,0,0,0,0,0,0,0,0,0,0,0,0,0,0,0,0,0,0,0,0
starsolo,jsimonas,/tmp/tmpzpnzzbls/workflow/rules/align.smk,0,0,0,0,0,0,0,0,0,0,0,0,0,0,0,0,0,0,0,0,0,0,0,0,0
format_starsolo,jsimonas,/tmp/tmpzpnzzbls/workflow/rules/align.smk,0,0,0,0,0,0,0,0,0,0,0,0,0,0,0,0,0,0,0,0,0,0,0,0,0
samtools_stats,jsimonas,/tmp/tmpzpnzzbls/workflow/rules/align.smk,0,0,0,0,0,0,0,0,0,0,0,0,0,0,0,0,0,0,0,0,0,0,0,0,0
convert_sheet,jsimonas,/tmp/tmpzpnzzbls/workflow/rules/demux.smk,0,0,0,0,0,0,0,0,0,0,0,0,0,0,0,0,0,0,0,0,0,0,0,0,0
demux,jsimonas,/tmp/tmpzpnzzbls/workflow/rules/demux.smk,0,0,0,0,0,0,0,0,0,0,0,0,0,0,0,0,0,0,0,0,0,0,0,0,0
merge_fastq,jsimonas,/tmp/tmpzpnzzbls/workflow/rules/demux.smk,0,0,0,0,0,0,0,0,0,0,0,0,0,0,0,0,0,0,0,0,0,0,0,0,0
collapse_reads,jsimonas,/tmp/tmpzpnzzbls/workflow/rules/mirtop.smk,0,0,0,0,0,0,0,0,0,0,0,0,0,0,0,0,0,0,0,0,0,0,0,0,0
fasta_to_chrom_gtf,jsimonas,/tmp/tmpzpnzzbls/workflow/rules/mirtop.smk,0,0,0,0,0,0,0,0,0,0,0,0,0,0,0,0,0,0,0,0,0,0,0,0,0
star_index_hairpin,jsimonas,/tmp/tmpzpnzzbls/workflow/rules/mirtop.smk,0,0,0,0,0,0,0,0,0,0,0,0,0,0,0,0,0,0,0,0,0,0,0,0,0
star_align_hairpin,jsimonas,/tmp/tmpzpnzzbls/workflow/rules/mirtop.smk,0,0,0,0,0,0,0,0,0,0,0,0,0,0,0,0,0,0,0,0,0,0,0,0,0
mirtop,jsimonas,/tmp/tmpzpnzzbls/workflow/rules/mirtop.smk,0,0,0,0,0,0,0,0,0,0,0,0,0,0,0,0,0,0,0,0,0,0,0,0,0
starsolo_align_hairpin,jsimonas,/tmp/tmpzpnzzbls/workflow/rules/mirtop.smk,0,0,0,0,0,0,0,0,0,0,0,0,0,0,0,0,0,0,0,0,0,0,0,0,0
deduplicate_reads,jsimonas,/tmp/tmpzpnzzbls/workflow/rules/mirtop.smk,0,0,0,0,0,0,0,0,0,0,0,0,0,0,0,0,0,0,0,0,0,0,0,0,0
split_bam_by_barcode,jsimonas,/tmp/tmpzpnzzbls/workflow/rules/mirtop.smk,0,0,0,0,0,0,0,0,0,0,0,0,0,0,0,0,0,0,0,0,0,0,0,0,0
mirtop_counts_per_barcode,jsimonas,/tmp/tmpzpnzzbls/workflow/rules/mirtop.smk,0,0,0,0,0,0,0,0,0,0,0,0,0,0,0,0,0,0,0,0,0,0,0,0,0
aggregate_mirtop_counts,jsimonas,/tmp/tmpzpnzzbls/workflow/rules/mirtop.smk,0,0,0,0,0,0,0,0,0,0,0,0,0,0,0,0,0,0,0,0,0,0,0,0,0
all,snakemake-workflows,/tmp/tmpo97eciso/workflow/Snakefile,0,0,0,0,0,0,0,0,0,0,0,0,0,0,0,0,0,0,0,0,0,0,0,0,0
annotate_variants,snakemake-workflows,/tmp/tmpo97eciso/workflow/rules/annotation.smk,0,0,0,0,0,0,0,0,0,0,0,0,0,0,0,0,0,0,0,0,0,0,0,0,0
call_variants,snakemake-workflows,/tmp/tmpo97eciso/workflow/rules/calling.smk,0,0,0,0,0,0,0,0,0,0,0,0,0,0,0,0,0,0,0,0,0,0,0,0,0
combine_calls,snakemake-workflows,/tmp/tmpo97eciso/workflow/rules/calling.smk,0,0,0,0,0,0,0,0,0,0,0,0,0,0,0,0,0,0,0,0,0,0,0,0,0
genotype_variants,snakemake-workflows,/tmp/tmpo97eciso/workflow/rules/calling.smk,0,0,0,0,0,0,0,0,0,0,0,0,0,0,0,0,0,0,0,0,0,0,0,0,0
merge_variants,snakemake-workflows,/tmp/tmpo97eciso/workflow/rules/calling.smk,0,0,0,0,0,0,0,0,0,0,0,0,0,0,0,0,0,0,0,0,0,0,0,0,0
vcf_to_tsv,snakemake-workflows,/tmp/tmpo97eciso/workflow/rules/stats.smk,0,0,0,0,0,0,0,0,0,0,0,0,0,0,0,0,0,0,0,0,0,0,0,0,0
plot_stats,snakemake-workflows,/tmp/tmpo97eciso/workflow/rules/stats.smk,0,0,0,0,0,0,0,0,0,0,0,0,0,0,0,0,0,0,0,0,0,0,0,0,0
get_genome,snakemake-workflows,/tmp/tmpo97eciso/workflow/rules/ref.smk,0,0,0,0,0,0,0,0,0,0,0,0,0,0,0,0,0,0,0,0,0,0,0,0,0
genome_faidx,snakemake-workflows,/tmp/tmpo97eciso/workflow/rules/ref.smk,0,0,0,0,0,0,0,0,0,0,0,0,0,0,0,0,0,0,0,0,0,0,0,0,0
genome_dict,snakemake-workflows,/tmp/tmpo97eciso/workflow/rules/ref.smk,0,0,0,0,0,0,0,0,0,0,0,0,0,0,0,0,0,0,0,0,0,0,0,0,0
get_known_variation,snakemake-workflows,/tmp/tmpo97eciso/workflow/rules/ref.smk,0,0,0,0,0,0,0,0,0,0,0,0,0,0,0,0,0,0,0,0,0,0,0,0,0
remove_iupac_codes,snakemake-workflows,/tmp/tmpo97eciso/workflow/rules/ref.smk,0,0,0,0,0,0,0,0,0,0,0,0,0,0,0,0,0,0,0,0,0,0,0,0,0
tabix_known_variants,snakemake-workflows,/tmp/tmpo97eciso/workflow/rules/ref.smk,0,0,0,0,0,0,0,0,0,0,0,0,0,0,0,0,0,0,0,0,0,0,0,0,0
bwa_index,snakemake-workflows,/tmp/tmpo97eciso/workflow/rules/ref.smk,0,0,0,0,0,0,0,0,0,0,0,0,0,0,0,0,1,0,0,0,0,0,0,0,0
get_vep_cache,snakemake-workflows,/tmp/tmpo97eciso/workflow/rules/ref.smk,0,0,0,0,0,0,0,0,0,0,0,0,0,0,0,0,0,0,0,0,0,0,0,0,0
get_vep_plugins,snakemake-workflows,/tmp/tmpo97eciso/workflow/rules/ref.smk,0,0,0,0,0,0,0,0,0,0,0,0,0,0,0,0,0,0,0,0,0,0,0,0,0
fastqc,snakemake-workflows,/tmp/tmpo97eciso/workflow/rules/qc.smk,0,0,0,0,0,0,0,0,0,0,0,0,0,0,0,0,0,0,0,0,0,0,0,0,0
samtools_stats,snakemake-workflows,/tmp/tmpo97eciso/workflow/rules/qc.smk,0,0,0,0,0,0,0,0,0,0,0,0,0,0,0,0,0,0,0,0,0,0,0,0,0
multiqc,snakemake-workflows,/tmp/tmpo97eciso/workflow/rules/qc.smk,0,0,0,0,0,0,0,0,0,0,0,0,0,0,0,0,0,0,0,0,0,0,0,0,0
trim_reads_se,snakemake-workflows,/tmp/tmpo97eciso/workflow/rules/mapping.smk,0,0,0,0,0,0,0,0,0,0,0,0,0,0,0,0,0,0,0,0,0,0,0,0,0
trim_reads_pe,snakemake-workflows,/tmp/tmpo97eciso/workflow/rules/mapping.smk,0,0,0,0,0,0,0,0,0,0,0,0,0,0,0,0,0,0,0,0,0,0,0,0,0
map_reads,snakemake-workflows,/tmp/tmpo97eciso/workflow/rules/mapping.smk,0,0,0,0,0,0,0,0,0,0,0,0,0,0,0,0,0,0,0,0,0,0,0,0,0
mark_duplicates,snakemake-workflows,/tmp/tmpo97eciso/workflow/rules/mapping.smk,0,0,0,0,0,0,0,0,0,0,0,0,0,0,0,0,0,0,0,0,0,0,0,0,0
recalibrate_base_qualities,snakemake-workflows,/tmp/tmpo97eciso/workflow/rules/mapping.smk,0,0,0,0,0,0,0,0,0,0,0,0,0,0,0,0,1,0,0,0,0,0,0,0,0
apply_base_quality_recalibration,snakemake-workflows,/tmp/tmpo97eciso/workflow/rules/mapping.smk,0,0,0,0,0,0,0,0,0,0,0,0,0,0,0,0,1,0,0,0,0,0,0,0,0
samtools_index,snakemake-workflows,/tmp/tmpo97eciso/workflow/rules/mapping.smk,0,0,0,0,0,0,0,0,0,0,0,0,0,0,0,0,0,0,0,0,0,0,0,0,0
select_calls,snakemake-workflows,/tmp/tmpo97eciso/workflow/rules/filtering.smk,0,0,0,0,0,0,0,0,0,0,0,0,0,0,0,0,0,0,0,0,0,0,0,0,0
hard_filter_calls,snakemake-workflows,/tmp/tmpo97eciso/workflow/rules/filtering.smk,0,0,0,0,0,0,0,0,0,0,0,0,0,0,0,0,0,0,0,0,0,0,0,0,0
recalibrate_calls,snakemake-workflows,/tmp/tmpo97eciso/workflow/rules/filtering.smk,0,0,0,0,0,0,0,0,0,0,0,0,0,0,0,0,0,0,0,0,0,0,0,0,0
merge_calls,snakemake-workflows,/tmp/tmpo97eciso/workflow/rules/filtering.smk,0,0,0,0,0,0,0,0,0,0,0,0,0,0,0,0,0,0,0,0,0,0,0,0,0
get_reads,snakemake-workflows,/tmp/tmpvwsg8b2g/workflow/rules/download.smk,0,0,0,0,0,0,0,0,0,0,0,0,0,0,0,0,0,0,0,0,0,0,0,0,0
get_archive,snakemake-workflows,/tmp/tmpvwsg8b2g/workflow/rules/download.smk,0,0,0,0,0,0,0,0,0,0,0,0,0,0,0,0,0,0,0,0,0,0,0,0,0
get_truth,snakemake-workflows,/tmp/tmpvwsg8b2g/workflow/rules/download.smk,0,0,0,0,0,0,0,0,0,0,0,0,0,0,0,0,0,0,0,0,0,0,0,0,0
rename_truth_contigs,snakemake-workflows,/tmp/tmpvwsg8b2g/workflow/rules/download.smk,0,0,0,0,0,0,0,0,0,0,0,0,0,0,0,0,0,0,0,0,0,0,0,0,0
merge_truthsets,snakemake-workflows,/tmp/tmpvwsg8b2g/workflow/rules/download.smk,0,0,0,0,0,0,0,0,0,0,0,0,0,0,0,0,0,0,0,0,0,0,0,0,0
normalize_truth,snakemake-workflows,/tmp/tmpvwsg8b2g/workflow/rules/download.smk,0,0,0,0,0,0,0,0,0,0,0,0,0,0,0,0,0,0,0,0,0,0,0,0,0
get_confidence_bed,snakemake-workflows,/tmp/tmpvwsg8b2g/workflow/rules/download.smk,0,0,0,0,0,0,0,0,0,0,0,0,0,0,0,0,0,0,0,0,0,0,0,0,0
get_liftover_track,snakemake-workflows,/tmp/tmpvwsg8b2g/workflow/rules/download.smk,0,0,0,0,0,0,0,0,0,0,0,0,0,0,0,0,0,0,0,0,0,0,0,0,0
get_target_bed,snakemake-workflows,/tmp/tmpvwsg8b2g/workflow/rules/download.smk,0,0,0,0,0,0,0,0,0,0,0,0,0,0,0,0,0,0,0,0,0,0,0,0,0
postprocess_target_bed,snakemake-workflows,/tmp/tmpvwsg8b2g/workflow/rules/download.smk,0,0,0,0,0,0,0,0,0,0,0,0,0,0,0,0,0,0,0,0,0,0,0,0,0
get_reference,snakemake-workflows,/tmp/tmpvwsg8b2g/workflow/rules/download.smk,0,0,0,0,0,0,0,0,0,0,0,0,0,0,0,0,0,0,0,0,0,0,0,0,0
get_liftover_chain,snakemake-workflows,/tmp/tmpvwsg8b2g/workflow/rules/download.smk,0,0,0,0,0,0,0,0,0,0,0,0,0,0,0,0,0,0,0,0,0,0,0,0,0
samtools_faidx,snakemake-workflows,/tmp/tmpvwsg8b2g/workflow/rules/download.smk,0,0,0,0,0,0,0,0,0,0,0,0,0,0,0,0,0,0,0,0,0,0,0,0,0
bwa_index,snakemake-workflows,/tmp/tmpvwsg8b2g/workflow/rules/download.smk,0,0,0,0,0,0,0,0,0,0,0,0,0,0,0,0,0,0,0,0,0,0,0,0,0
bwa_mem,snakemake-workflows,/tmp/tmpvwsg8b2g/workflow/rules/download.smk,0,0,0,0,0,0,0,0,0,0,0,0,0,0,0,0,0,0,0,0,0,0,0,0,0
mark_duplicates,snakemake-workflows,/tmp/tmpvwsg8b2g/workflow/rules/download.smk,0,0,0,0,0,0,0,0,0,0,0,0,0,0,0,0,1,0,0,0,0,0,0,0,0
samtools_index,snakemake-workflows,/tmp/tmpvwsg8b2g/workflow/rules/download.smk,0,0,0,0,0,0,0,0,0,0,0,0,0,0,0,0,0,0,0,0,0,0,0,0,0
mosdepth,snakemake-workflows,/tmp/tmpvwsg8b2g/workflow/rules/download.smk,0,0,0,0,0,0,0,0,0,0,0,0,0,0,0,0,0,0,0,0,0,0,0,0,0
stratify_regions,snakemake-workflows,/tmp/tmpvwsg8b2g/workflow/rules/download.smk,0,0,0,0,0,0,0,0,0,0,0,0,0,0,0,0,0,0,0,0,0,0,0,0,0
extract_fp_fn,snakemake-workflows,/tmp/tmpvwsg8b2g/workflow/rules/eval-results.smk,0,0,0,0,0,0,0,0,0,0,0,0,0,0,0,0,0,0,0,0,0,0,0,0,0
extract_fp_fn_tp,snakemake-workflows,/tmp/tmpvwsg8b2g/workflow/rules/eval-results.smk,0,0,0,0,0,0,0,0,0,0,0,0,0,0,0,0,0,0,0,0,0,0,0,0,0
reformat_fp_fn_tp_tables,snakemake-workflows,/tmp/tmpvwsg8b2g/workflow/rules/eval-results.smk,0,0,0,0,0,0,0,0,0,0,0,0,0,0,0,0,0,0,0,0,0,0,0,0,0
calc_precision_recall,snakemake-workflows,/tmp/tmpvwsg8b2g/workflow/rules/eval-results.smk,0,0,0,0,0,0,0,0,0,0,0,0,0,0,0,0,0,0,0,0,0,0,0,0,0
collect_stratifications,snakemake-workflows,/tmp/tmpvwsg8b2g/workflow/rules/eval-results.smk,0,0,0,0,0,0,0,0,0,0,0,0,0,0,0,0,0,0,0,0,0,0,0,0,0
collect_precision_recall,snakemake-workflows,/tmp/tmpvwsg8b2g/workflow/rules/eval-results.smk,0,0,0,0,0,0,0,0,0,0,0,0,0,0,0,0,0,0,0,0,0,0,0,0,0
report_precision_recall,snakemake-workflows,/tmp/tmpvwsg8b2g/workflow/rules/eval-results.smk,0,0,0,0,0,0,0,0,0,0,0,0,0,0,0,0,0,0,0,0,0,0,0,0,0
collect_fp_fn,snakemake-workflows,/tmp/tmpvwsg8b2g/workflow/rules/eval-results.smk,0,0,0,0,0,0,0,0,0,0,0,0,0,0,0,0,0,0,0,0,0,0,0,0,0
collect_stratifications_fp_fn,snakemake-workflows,/tmp/tmpvwsg8b2g/workflow/rules/eval-results.smk,0,0,0,0,0,0,0,0,0,0,0,0,0,0,0,0,0,0,0,0,0,0,0,0,0
collect_fp_fn_benchmark,snakemake-workflows,/tmp/tmpvwsg8b2g/workflow/rules/eval-results.smk,0,0,0,0,0,0,0,0,0,0,0,0,0,0,0,0,0,0,0,0,0,0,0,0,0
filter_shared_fn,snakemake-workflows,/tmp/tmpvwsg8b2g/workflow/rules/eval-results.smk,0,0,0,0,0,0,0,0,0,0,0,0,0,0,0,0,0,0,0,0,0,0,0,0,0
filter_unique,snakemake-workflows,/tmp/tmpvwsg8b2g/workflow/rules/eval-results.smk,0,0,0,0,0,0,0,0,0,0,0,0,0,0,0,0,0,0,0,0,0,0,0,0,0
write_shared_fn_vcf,snakemake-workflows,/tmp/tmpvwsg8b2g/workflow/rules/eval-results.smk,0,0,0,0,0,0,0,0,0,0,0,0,0,0,0,0,0,0,0,0,0,0,0,0,0
write_unique_fn_vcf,snakemake-workflows,/tmp/tmpvwsg8b2g/workflow/rules/eval-results.smk,0,0,0,0,0,0,0,0,0,0,0,0,0,0,0,0,0,0,0,0,0,0,0,0,0
write_unique_fp_vcf,snakemake-workflows,/tmp/tmpvwsg8b2g/workflow/rules/eval-results.smk,0,0,0,0,0,0,0,0,0,0,0,0,0,0,0,0,0,0,0,0,0,0,0,0,0
report_fp_fn,snakemake-workflows,/tmp/tmpvwsg8b2g/workflow/rules/eval-results.smk,0,0,0,0,0,0,0,0,0,0,0,0,0,0,0,0,0,0,0,0,0,0,0,0,0
report_fp_fn_callset,snakemake-workflows,/tmp/tmpvwsg8b2g/workflow/rules/eval-results.smk,0,0,0,0,0,0,0,0,0,0,0,0,0,0,0,0,0,0,0,0,0,0,0,0,0
get_downsampled_vep_cache,snakemake-workflows,/tmp/tmpvwsg8b2g/workflow/rules/annotation.smk,0,0,0,0,0,0,0,0,0,0,0,0,0,0,0,0,0,0,0,0,0,0,0,0,0
get_vep_cache,snakemake-workflows,/tmp/tmpvwsg8b2g/workflow/rules/annotation.smk,0,0,0,0,0,0,0,0,0,0,0,0,0,0,0,0,0,0,0,0,0,0,0,0,0
get_vep_plugins,snakemake-workflows,/tmp/tmpvwsg8b2g/workflow/rules/annotation.smk,0,0,0,0,0,0,0,0,0,0,0,0,0,0,0,0,0,0,0,0,0,0,0,0,0
download_revel,snakemake-workflows,/tmp/tmpvwsg8b2g/workflow/rules/annotation.smk,0,0,0,0,0,0,0,0,0,0,0,0,0,0,0,0,0,0,0,0,0,0,0,0,0
process_revel_scores,snakemake-workflows,/tmp/tmpvwsg8b2g/workflow/rules/annotation.smk,0,0,0,0,0,0,0,0,0,0,0,0,0,0,0,0,0,0,0,0,0,0,0,0,1
tabix_revel_scores,snakemake-workflows,/tmp/tmpvwsg8b2g/workflow/rules/annotation.smk,0,0,0,0,0,0,0,0,0,0,0,0,0,0,0,0,0,0,0,0,0,0,0,0,0
annotate_shared_fn,snakemake-workflows,/tmp/tmpvwsg8b2g/workflow/rules/annotation.smk,0,0,0,0,0,0,0,0,0,0,0,0,0,0,0,0,0,0,0,0,0,0,0,0,0
annotate_unique_fp_fn,snakemake-workflows,/tmp/tmpvwsg8b2g/workflow/rules/annotation.smk,0,0,0,0,0,0,0,0,0,0,0,0,0,0,0,0,0,0,0,0,0,0,0,0,0
vembrane_table_shared_fn,snakemake-workflows,/tmp/tmpvwsg8b2g/workflow/rules/annotation.smk,0,0,0,0,0,0,0,0,0,0,0,0,0,0,0,0,0,0,0,0,0,0,0,0,0
vembrane_table_unique_fp_fn,snakemake-workflows,/tmp/tmpvwsg8b2g/workflow/rules/annotation.smk,0,0,0,0,0,0,0,0,0,0,0,0,0,0,0,0,0,0,0,0,0,0,0,0,0
norm_vcf,snakemake-workflows,/tmp/tmpvwsg8b2g/workflow/rules/utils.smk,0,0,0,0,0,0,0,0,0,0,0,0,0,0,0,0,0,0,0,0,0,0,0,0,0
index_vcf,snakemake-workflows,/tmp/tmpvwsg8b2g/workflow/rules/utils.smk,0,0,0,0,0,0,0,0,0,0,0,0,0,0,0,0,0,0,0,0,0,0,0,0,0
index_bcf,snakemake-workflows,/tmp/tmpvwsg8b2g/workflow/rules/utils.smk,0,0,0,0,0,0,0,0,0,0,0,0,0,0,0,0,0,0,0,0,0,0,0,0,0
sort_vcf,snakemake-workflows,/tmp/tmpvwsg8b2g/workflow/rules/utils.smk,0,0,0,0,0,0,0,0,0,0,0,0,0,0,0,0,0,0,0,0,0,0,0,0,0
get_reference_dict,snakemake-workflows,/tmp/tmpvwsg8b2g/workflow/rules/compare-vcfs.smk,0,0,0,0,0,0,0,0,0,0,0,0,0,0,0,0,0,0,0,0,0,0,0,0,0
merge_callsets,snakemake-workflows,/tmp/tmpvwsg8b2g/workflow/rules/compare-vcfs.smk,0,0,0,0,0,0,0,0,0,0,0,0,0,0,0,0,0,0,0,0,0,0,0,0,0
liftover_callset,snakemake-workflows,/tmp/tmpvwsg8b2g/workflow/rules/compare-vcfs.smk,0,0,0,0,0,0,0,0,0,0,0,0,0,0,0,0,1,0,0,0,0,0,0,0,0
rename_contigs,snakemake-workflows,/tmp/tmpvwsg8b2g/workflow/rules/compare-vcfs.smk,0,0,0,0,0,0,0,0,0,0,0,0,0,0,0,0,0,0,0,0,0,0,0,0,0
add_format_field,snakemake-workflows,/tmp/tmpvwsg8b2g/workflow/rules/compare-vcfs.smk,0,0,0,0,0,0,0,0,0,0,0,0,0,0,0,0,0,0,0,0,0,0,0,0,0
remove_non_pass,snakemake-workflows,/tmp/tmpvwsg8b2g/workflow/rules/compare-vcfs.smk,0,0,0,0,0,0,0,0,0,0,0,0,0,0,0,0,0,0,0,0,0,0,0,0,0
intersect_calls_with_target_regions,snakemake-workflows,/tmp/tmpvwsg8b2g/workflow/rules/compare-vcfs.smk,0,0,0,0,0,0,0,0,0,0,0,0,0,0,0,0,0,0,0,0,0,0,0,0,0
restrict_to_reference_contigs,snakemake-workflows,/tmp/tmpvwsg8b2g/workflow/rules/compare-vcfs.smk,0,0,0,0,0,0,0,0,0,0,0,0,0,0,0,0,0,0,0,0,0,0,0,0,0
normalize_calls,snakemake-workflows,/tmp/tmpvwsg8b2g/workflow/rules/compare-vcfs.smk,0,0,0,0,0,0,0,0,0,0,0,0,0,0,0,0,0,0,0,0,0,0,0,0,0
stratify_truth,snakemake-workflows,/tmp/tmpvwsg8b2g/workflow/rules/compare-vcfs.smk,0,0,0,0,0,0,0,0,0,0,0,0,0,0,0,0,0,0,0,0,0,0,0,0,0
stratify_results,snakemake-workflows,/tmp/tmpvwsg8b2g/workflow/rules/compare-vcfs.smk,0,0,0,0,0,0,0,0,0,0,0,0,0,0,0,0,0,0,0,0,0,0,0,0,0
index_stratified_truth,snakemake-workflows,/tmp/tmpvwsg8b2g/workflow/rules/compare-vcfs.smk,0,0,0,0,0,0,0,0,0,0,0,0,0,0,0,0,0,0,0,0,0,0,0,0,0
stat_truth,snakemake-workflows,/tmp/tmpvwsg8b2g/workflow/rules/compare-vcfs.smk,0,0,0,0,0,0,0,0,0,0,0,0,0,0,0,0,0,0,0,0,0,0,0,0,0
generate_sdf,snakemake-workflows,/tmp/tmpvwsg8b2g/workflow/rules/compare-vcfs.smk,0,0,0,0,0,0,0,0,0,0,0,0,0,0,0,0,0,0,0,0,0,0,0,0,0
benchmark_variants_germline,snakemake-workflows,/tmp/tmpvwsg8b2g/workflow/rules/compare-vcfs.smk,0,0,0,0,0,0,0,0,0,0,0,0,0,0,0,0,0,0,0,0,0,0,0,0,0
benchmark_variants_somatic,snakemake-workflows,/tmp/tmpvwsg8b2g/workflow/rules/compare-vcfs.smk,0,0,0,0,0,0,0,0,0,0,0,0,0,0,0,0,0,0,0,0,0,0,0,0,0
all,vdclab,/tmp/tmprp_8qvbl/workflow/Snakefile,0,0,0,0,0,0,0,0,0,0,0,0,0,0,0,0,0,0,0,0,0,0,0,0,0
clean,vdclab,/tmp/tmprp_8qvbl/workflow/Snakefile,0,0,0,0,0,0,0,0,0,0,0,0,0,0,0,0,0,0,0,0,0,0,0,0,0
blast2threshold_table,vdclab,/tmp/tmprp_8qvbl/workflow/rules/analysis_threshold.smk,0,0,0,0,0,0,0,0,0,0,0,0,0,0,0,0,1,0,0,0,0,0,0,1,0
report_threshold,vdclab,/tmp/tmprp_8qvbl/workflow/rules/analysis_threshold.smk,0,0,0,0,0,0,0,0,0,0,0,0,0,0,0,0,0,0,0,0,0,0,0,0,0
fetch_proteins_database,vdclab,/tmp/tmprp_8qvbl/workflow/rules/fetch_prot.smk,0,0,0,0,0,0,0,0,0,0,1,0,0,0,0,0,0,0,0,0,0,0,0,1,0
fetch_fasta_from_seed,vdclab,/tmp/tmprp_8qvbl/workflow/rules/fetch_prot.smk,0,0,0,0,0,0,0,0,0,0,0,0,0,0,0,0,0,0,0,0,0,0,0,0,0
make_fasta,vdclab,/tmp/tmprp_8qvbl/workflow/rules/make_fasta.smk,0,0,0,0,0,0,0,0,0,0,0,0,0,0,0,0,0,0,0,0,0,0,0,0,0
make_seed_psiblast,vdclab,/tmp/tmprp_8qvbl/workflow/rules/make_fasta.smk,0,0,0,0,0,0,0,0,0,0,0,0,0,0,0,0,0,0,0,0,0,0,0,0,0
extract_protein,vdclab,/tmp/tmprp_8qvbl/workflow/rules/make_fasta.smk,0,0,0,0,0,0,0,0,0,0,0,0,0,0,0,0,0,0,0,0,0,0,0,0,0
merge_fasta,vdclab,/tmp/tmprp_8qvbl/workflow/rules/make_fasta.smk,0,0,0,0,0,0,0,0,0,0,0,0,0,0,0,0,0,0,0,0,0,0,0,0,0
merge_databases,vdclab,/tmp/tmprp_8qvbl/workflow/rules/make_fasta.smk,0,0,0,0,0,0,0,0,0,0,0,0,0,0,0,0,0,0,0,0,0,0,0,0,0
psiblast,vdclab,/tmp/tmprp_8qvbl/workflow/rules/ncbi_blast.smk,0,0,0,0,0,0,0,0,0,0,1,0,0,0,0,0,1,0,0,0,0,0,0,1,0
blast,vdclab,/tmp/tmprp_8qvbl/workflow/rules/ncbi_blast.smk,0,0,0,0,0,0,0,0,0,0,1,0,0,0,0,0,1,0,0,0,0,0,0,1,0
read_psiblast,vdclab,/tmp/tmprp_8qvbl/workflow/rules/format_tables.smk,0,0,0,0,0,0,0,0,0,0,0,0,0,0,0,0,0,0,0,0,0,0,0,0,0
read_hmmsearch,vdclab,/tmp/tmprp_8qvbl/workflow/rules/format_tables.smk,0,0,0,0,0,0,0,0,0,0,0,0,0,0,0,0,0,0,0,0,0,0,0,0,0
merge_hmmsearch_psiblast,vdclab,/tmp/tmprp_8qvbl/workflow/rules/format_tables.smk,0,0,0,0,0,0,0,0,0,0,0,0,0,0,0,0,0,0,0,0,0,0,0,0,0
prepare_for_silix,vdclab,/tmp/tmprp_8qvbl/workflow/rules/format_tables.smk,0,0,0,0,0,0,0,0,0,0,0,0,0,0,0,0,0,0,0,0,0,0,0,0,0
find_family,vdclab,/tmp/tmprp_8qvbl/workflow/rules/format_tables.smk,0,0,0,0,0,0,0,0,0,0,0,0,0,0,0,0,0,0,0,0,0,0,0,0,0
make_PA_table,vdclab,/tmp/tmprp_8qvbl/workflow/rules/format_tables.smk,0,0,0,0,0,0,0,0,0,0,0,0,0,0,0,0,0,0,0,0,0,0,0,0,0
silix,vdclab,/tmp/tmprp_8qvbl/workflow/rules/silix.smk,0,0,0,0,0,0,0,0,0,0,0,0,0,0,0,0,0,0,0,0,0,0,0,0,0
plots,vdclab,/tmp/tmprp_8qvbl/workflow/rules/plots.smk,0,0,0,0,0,0,0,0,0,0,0,0,0,0,0,0,0,0,0,0,0,0,0,0,0
user_plots,vdclab,/tmp/tmprp_8qvbl/workflow/rules/plots.smk,0,0,0,0,0,0,0,0,0,0,0,0,0,0,0,0,0,0,0,0,0,0,0,0,0
hmmsearch,vdclab,/tmp/tmprp_8qvbl/workflow/rules/hmmer.smk,0,0,0,0,0,0,0,0,0,0,1,0,0,0,0,0,1,0,0,0,0,0,0,1,0
all,KasperSkytte,/tmp/tmpq8yaqauv/workflow/Snakefile,0,0,0,0,0,0,0,0,0,0,0,0,0,0,0,0,0,0,0,0,0,0,0,0,0
sample_prep,KasperSkytte,/tmp/tmpq8yaqauv/workflow/rules/01-sample_prep.smk,0,0,0,0,0,0,0,0,0,0,0,1,0,0,0,0,1,0,0,1,0,0,0,0,0
concatenate_total_reads_files,KasperSkytte,/tmp/tmpq8yaqauv/workflow/rules/01-sample_prep.smk,0,0,0,0,0,0,0,0,0,0,0,1,0,0,0,0,1,0,0,1,0,0,0,0,0
abund_table,KasperSkytte,/tmp/tmpq8yaqauv/workflow/rules/04-abund_table.smk,0,0,0,0,1,0,0,0,0,0,0,1,0,0,0,0,1,0,0,0,0,0,0,0,0
merge_abund_tables,KasperSkytte,/tmp/tmpq8yaqauv/workflow/rules/04-abund_table.smk,0,0,0,0,0,0,0,0,0,0,0,1,0,0,0,0,1,0,0,1,0,0,0,0,0
rarefy_abund_table,KasperSkytte,/tmp/tmpq8yaqauv/workflow/rules/04-abund_table.smk,0,0,0,0,0,0,0,0,0,0,0,1,0,0,0,0,1,0,0,1,0,0,0,0,0
sintax,KasperSkytte,/tmp/tmpq8yaqauv/workflow/rules/03-sintax.smk,0,0,0,0,0,0,0,0,0,0,0,1,0,0,0,0,1,0,0,1,0,0,0,0,0
concat_all,KasperSkytte,/tmp/tmpq8yaqauv/workflow/rules/02-denoise.smk,0,0,0,0,0,0,0,0,0,0,0,1,0,0,0,0,1,0,0,1,0,0,0,0,0
cutadapt,KasperSkytte,/tmp/tmpq8yaqauv/workflow/rules/02-denoise.smk,0,0,0,0,0,0,0,0,0,0,0,1,0,0,0,0,1,0,0,1,0,0,0,0,0
derep,KasperSkytte,/tmp/tmpq8yaqauv/workflow/rules/02-denoise.smk,1,0,0,0,0,0,0,0,0,0,0,1,0,0,0,0,1,0,0,0,0,0,0,0,0
unoise,KasperSkytte,/tmp/tmpq8yaqauv/workflow/rules/02-denoise.smk,0,0,0,0,0,0,0,0,0,0,0,1,0,0,0,0,1,0,0,1,0,0,0,0,0
all,KasperSkytte,/tmp/tmpnyrw1wjt/workflow/Snakefile,0,0,0,0,0,0,0,0,0,0,0,0,0,0,0,0,0,0,0,0,0,0,0,0,0
sample_prep,KasperSkytte,/tmp/tmpnyrw1wjt/workflow/rules/01-sample_prep.smk,0,0,0,0,0,0,0,0,0,0,0,1,0,0,0,0,1,0,0,1,0,0,0,0,0
concatenate_total_reads_files,KasperSkytte,/tmp/tmpnyrw1wjt/workflow/rules/01-sample_prep.smk,0,0,0,0,0,0,0,0,0,0,0,1,0,0,0,0,1,0,0,1,0,0,0,0,0
sintax_classify,KasperSkytte,/tmp/tmpnyrw1wjt/workflow/rules/03-classify.smk,0,0,0,0,0,0,0,0,0,0,0,1,0,0,0,0,1,0,0,1,0,0,0,0,0
savont_classify,KasperSkytte,/tmp/tmpnyrw1wjt/workflow/rules/03-classify.smk,0,0,0,0,0,0,0,0,0,0,0,1,0,0,0,0,1,0,0,1,0,0,0,0,0
abund_table,KasperSkytte,/tmp/tmpnyrw1wjt/workflow/rules/04-abund_table.smk,0,0,1,0,0,0,0,0,0,0,0,0,0,0,0,0,1,0,0,1,0,0,0,0,0
merge_abund_tables,KasperSkytte,/tmp/tmpnyrw1wjt/workflow/rules/04-abund_table.smk,0,0,0,0,0,0,0,0,0,0,0,1,0,0,0,0,1,0,0,1,0,0,0,0,0
rarefy_abund_table,KasperSkytte,/tmp/tmpnyrw1wjt/workflow/rules/04-abund_table.smk,0,0,0,0,0,0,0,0,0,0,0,1,0,0,0,0,1,0,0,1,0,0,0,0,0
concat_all,KasperSkytte,/tmp/tmpnyrw1wjt/workflow/rules/02-savont.smk,0,0,0,0,0,0,0,0,0,0,0,1,0,0,0,0,1,0,0,1,0,0,0,0,0
cutadapt,KasperSkytte,/tmp/tmpnyrw1wjt/workflow/rules/02-savont.smk,0,0,0,0,0,0,0,0,0,0,0,1,0,0,0,0,1,0,0,1,0,0,0,0,0
savont_asv,KasperSkytte,/tmp/tmpnyrw1wjt/workflow/rules/02-savont.smk,0,0,0,0,0,0,0,0,0,0,0,1,0,0,0,0,1,0,0,1,0,0,0,0,0
all,AntonieV,/tmp/tmpjlh92ijc/workflow/Snakefile,0,0,0,0,0,0,0,0,0,0,0,0,0,0,0,0,0,0,0,0,0,0,0,0,0
fastqc,AntonieV,/tmp/tmpjlh92ijc/workflow/rules/qc.smk,0,0,0,0,0,0,0,0,0,0,0,0,0,0,0,0,0,0,0,0,0,0,0,0,0
multiqc,AntonieV,/tmp/tmpjlh92ijc/workflow/rules/qc.smk,0,0,0,0,0,0,0,0,0,0,0,0,0,0,0,0,0,0,0,0,0,0,0,0,0
minimap2_index,AntonieV,/tmp/tmpjlh92ijc/workflow/rules/noderad.smk,0,0,0,0,0,0,0,0,0,0,0,0,0,0,0,0,0,0,0,0,0,0,0,0,0
minimap2,AntonieV,/tmp/tmpjlh92ijc/workflow/rules/noderad.smk,0,0,0,0,0,0,0,0,0,0,0,0,0,0,0,0,0,0,0,0,0,0,0,0,0
samtools_view,AntonieV,/tmp/tmpjlh92ijc/workflow/rules/noderad.smk,0,0,0,0,0,0,0,0,0,0,0,0,0,0,0,0,0,0,0,0,0,0,0,0,0
noderad,AntonieV,/tmp/tmpjlh92ijc/workflow/rules/noderad.smk,0,0,0,0,0,0,0,0,0,0,0,0,0,0,0,0,0,0,0,0,0,0,0,0,0
cutadapt_se,AntonieV,/tmp/tmpjlh92ijc/workflow/rules/cutadapt.smk,0,0,0,0,0,0,0,0,0,0,0,0,0,0,0,0,0,0,0,0,0,0,0,0,0
simulated_data_to_fasta,AntonieV,/tmp/tmpjlh92ijc/workflow/rules/evaluation.smk,0,0,0,0,0,0,0,0,0,0,0,0,0,0,0,0,0,0,0,0,0,0,0,0,0
vcf_to_fasta,AntonieV,/tmp/tmpjlh92ijc/workflow/rules/evaluation.smk,0,0,0,0,0,0,0,0,0,0,0,0,0,0,0,0,0,0,0,0,0,0,0,0,0
samtools_index,AntonieV,/tmp/tmpjlh92ijc/workflow/rules/evaluation.smk,0,0,0,0,0,0,0,0,0,0,0,0,0,0,0,0,0,0,0,0,0,0,0,0,0
blast_database,AntonieV,/tmp/tmpjlh92ijc/workflow/rules/evaluation.smk,0,0,0,0,0,0,0,0,0,0,0,0,0,0,0,0,0,0,0,0,0,0,0,0,0
blast,AntonieV,/tmp/tmpjlh92ijc/workflow/rules/evaluation.smk,0,0,0,0,0,0,0,0,0,0,0,0,0,0,0,0,0,0,0,0,0,0,0,0,0
blast_header,AntonieV,/tmp/tmpjlh92ijc/workflow/rules/evaluation.smk,0,0,0,0,0,0,0,0,0,0,0,0,0,0,0,0,0,0,0,0,0,0,0,0,0
plots_blast,AntonieV,/tmp/tmpjlh92ijc/workflow/rules/evaluation.smk,0,0,0,0,0,0,0,0,0,0,0,0,0,0,0,0,0,0,0,0,0,0,0,0,0
all,jprnz,/tmp/tmpphr3oe4g/workflow/Snakefile,0,0,0,0,0,0,0,0,0,0,0,0,0,0,0,0,0,0,0,0,0,0,0,0,0
deliver_methods,jprnz,/tmp/tmpphr3oe4g/workflow/rules/delivery.smk,0,0,0,0,0,0,0,0,0,0,0,0,0,0,0,0,0,0,0,0,0,0,0,0,0
deliver_qc,jprnz,/tmp/tmpphr3oe4g/workflow/rules/delivery.smk,0,0,0,0,0,0,0,0,0,0,0,0,0,0,0,0,0,0,0,0,0,0,0,0,0
deliver_bamfiles,jprnz,/tmp/tmpphr3oe4g/workflow/rules/delivery.smk,0,0,0,0,0,0,0,0,0,0,0,0,0,0,0,0,0,0,0,0,0,0,0,0,0
deliver_counts,jprnz,/tmp/tmpphr3oe4g/workflow/rules/delivery.smk,0,0,0,0,0,0,0,0,0,0,0,0,0,0,0,0,0,0,0,0,0,0,0,0,0
deliver_analysis,jprnz,/tmp/tmpphr3oe4g/workflow/rules/delivery.smk,0,0,0,0,0,0,0,0,0,0,0,0,0,0,0,0,0,0,0,0,0,0,0,0,0
multiqc,jprnz,/tmp/tmpphr3oe4g/workflow/rules/multiqc.smk,0,0,0,0,0,0,0,0,0,0,0,0,0,0,0,0,0,0,0,0,0,0,0,0,0
run_multiqc,jprnz,/tmp/tmpphr3oe4g/workflow/rules/multiqc.smk,0,0,0,0,0,0,0,0,0,0,0,0,0,0,0,0,0,0,0,0,0,0,0,0,0
run_gsea,jprnz,/tmp/tmpphr3oe4g/workflow/rules/gsea.smk,0,0,0,0,0,0,0,0,0,0,0,0,0,0,0,0,0,0,0,0,0,0,0,0,0
fastq_combine,jprnz,/tmp/tmpphr3oe4g/workflow/rules/fastq.smk,0,0,0,0,0,0,0,0,0,0,0,0,0,0,0,0,1,0,0,0,0,0,0,0,0
run_fastq_combine,jprnz,/tmp/tmpphr3oe4g/workflow/rules/fastq.smk,0,0,0,0,0,0,0,0,0,0,0,0,0,0,0,0,0,0,0,0,0,0,0,0,0
rseqc_make_bed,jprnz,/tmp/tmpphr3oe4g/workflow/rules/rseqc.smk,0,0,0,0,0,0,0,0,0,0,0,0,0,0,0,0,1,0,0,0,0,0,0,0,0
rseqc_junction_annotation,jprnz,/tmp/tmpphr3oe4g/workflow/rules/rseqc.smk,0,0,0,0,0,0,0,0,0,0,0,0,0,0,0,0,1,0,0,0,0,0,0,0,0
rseqc_junction_saturation,jprnz,/tmp/tmpphr3oe4g/workflow/rules/rseqc.smk,0,0,0,0,0,0,0,0,0,0,0,0,0,0,0,0,1,0,0,0,0,0,0,0,0
rseqc_bam_stat,jprnz,/tmp/tmpphr3oe4g/workflow/rules/rseqc.smk,0,0,0,0,0,0,0,0,0,0,0,0,0,0,0,0,1,0,0,0,0,0,0,0,0
rseqc_infer_experiment,jprnz,/tmp/tmpphr3oe4g/workflow/rules/rseqc.smk,0,0,0,0,0,0,0,0,0,0,0,0,0,0,0,0,1,0,0,0,0,0,0,0,0
rseqc_inner_distance,jprnz,/tmp/tmpphr3oe4g/workflow/rules/rseqc.smk,0,0,0,0,0,0,0,0,0,0,0,0,0,0,0,0,1,0,0,0,0,0,0,0,0
rseqc_read_distribution,jprnz,/tmp/tmpphr3oe4g/workflow/rules/rseqc.smk,0,0,0,0,0,0,0,0,0,0,0,0,0,0,0,0,1,0,0,0,0,0,0,0,0
rseqc_read_duplication,jprnz,/tmp/tmpphr3oe4g/workflow/rules/rseqc.smk,0,0,0,0,0,0,0,0,0,0,0,0,0,0,0,0,1,0,0,0,0,0,0,0,0
rseqc_readgc,jprnz,/tmp/tmpphr3oe4g/workflow/rules/rseqc.smk,0,0,0,0,0,0,0,0,0,0,0,0,0,0,0,0,1,0,0,0,0,0,0,0,0
rseqc_gene_body_coverage,jprnz,/tmp/tmpphr3oe4g/workflow/rules/rseqc.smk,0,0,0,0,0,0,0,0,0,0,0,0,0,0,0,0,1,0,0,0,0,0,0,0,0
run_rseqc,jprnz,/tmp/tmpphr3oe4g/workflow/rules/rseqc.smk,0,0,0,0,0,0,0,0,0,0,0,0,0,0,0,0,0,0,0,0,0,0,0,0,0
deseq,jprnz,/tmp/tmpphr3oe4g/workflow/rules/deseq.smk,0,0,0,0,0,0,0,0,0,0,0,0,0,0,0,0,1,0,0,0,0,0,0,0,0
run_deseq,jprnz,/tmp/tmpphr3oe4g/workflow/rules/deseq.smk,0,0,0,0,0,0,0,0,0,0,0,0,0,0,0,0,0,0,0,0,0,0,0,0,0
fastq_combine,jprnz,/tmp/tmpphr3oe4g/workflow/rules/fastp.smk,0,0,0,0,0,0,0,0,0,0,0,0,0,0,0,0,1,0,0,0,0,0,0,0,0
fastp,jprnz,/tmp/tmpphr3oe4g/workflow/rules/fastp.smk,0,0,0,0,0,0,0,0,0,0,0,0,0,0,0,0,1,0,0,0,0,0,0,0,0
run_fastq_combine,jprnz,/tmp/tmpphr3oe4g/workflow/rules/fastp.smk,0,0,0,0,0,0,0,0,0,0,0,0,0,0,0,0,0,0,0,0,0,0,0,0,0
run_fastp,jprnz,/tmp/tmpphr3oe4g/workflow/rules/fastp.smk,0,0,0,0,0,0,0,0,0,0,0,0,0,0,0,0,0,0,0,0,0,0,0,0,0
star,jprnz,/tmp/tmpphr3oe4g/workflow/rules/star.smk,0,0,0,0,0,0,0,0,0,0,0,0,0,0,0,0,1,0,0,0,0,0,0,0,0
star_link,jprnz,/tmp/tmpphr3oe4g/workflow/rules/star.smk,0,0,0,0,0,0,0,0,0,0,0,0,0,0,0,0,0,0,0,0,0,0,0,0,0
star_index_bam,jprnz,/tmp/tmpphr3oe4g/workflow/rules/star.smk,0,0,0,0,0,0,0,0,0,0,0,0,0,0,0,0,0,0,0,0,0,0,0,0,0
count_matrix,jprnz,/tmp/tmpphr3oe4g/workflow/rules/star.smk,0,0,0,0,0,0,0,0,0,0,0,0,0,0,0,0,0,0,0,0,0,0,0,0,0
run_counts,jprnz,/tmp/tmpphr3oe4g/workflow/rules/star.smk,0,0,0,0,0,0,0,0,0,0,0,0,0,0,0,0,0,0,0,0,0,0,0,0,0
run_star,jprnz,/tmp/tmpphr3oe4g/workflow/rules/star.smk,0,0,0,0,0,0,0,0,0,0,0,0,0,0,0,0,0,0,0,0,0,0,0,0,0
download_genome,jprnz,/tmp/tmpphr3oe4g/workflow/rules/reference.smk,0,0,0,0,0,0,0,0,0,0,0,0,0,0,0,0,0,0,0,0,0,0,0,0,0
download_annotation,jprnz,/tmp/tmpphr3oe4g/workflow/rules/reference.smk,0,0,0,0,0,0,0,0,0,0,0,0,0,0,0,0,0,0,0,0,0,0,0,0,0
make_genes_file,jprnz,/tmp/tmpphr3oe4g/workflow/rules/reference.smk,0,0,0,0,0,0,0,0,0,0,0,0,0,0,0,0,0,0,0,0,0,0,0,0,0
genome_faidx,jprnz,/tmp/tmpphr3oe4g/workflow/rules/reference.smk,0,0,0,0,0,0,0,0,0,0,0,0,0,0,0,0,0,0,0,0,0,0,0,0,0
star_index_genome,jprnz,/tmp/tmpphr3oe4g/workflow/rules/reference.smk,0,0,0,0,0,0,0,0,0,0,0,0,0,0,0,0,1,0,0,0,0,0,0,0,0
all,MPUSP,/tmp/tmpy8_ewngx/workflow/Snakefile,0,0,0,0,0,0,0,0,0,0,0,0,0,0,0,0,0,0,0,0,0,0,0,0,0
nanoplot_rawfastq,MPUSP,/tmp/tmpy8_ewngx/workflow/rules/quality_control.smk,0,0,0,0,0,0,0,0,0,0,0,0,0,0,0,0,0,0,0,0,0,0,0,0,0
nanoplot_filteredfastq,MPUSP,/tmp/tmpy8_ewngx/workflow/rules/quality_control.smk,0,0,0,0,0,0,0,0,0,0,0,0,0,0,0,0,0,0,0,0,0,0,0,0,0
nanoplot_aligned,MPUSP,/tmp/tmpy8_ewngx/workflow/rules/quality_control.smk,0,0,0,0,0,0,0,0,0,0,0,0,0,0,0,0,0,0,0,0,0,0,0,0,0
multiqc,MPUSP,/tmp/tmpy8_ewngx/workflow/rules/quality_control.smk,0,0,0,0,0,0,0,0,0,0,0,0,0,0,0,0,0,0,0,0,0,0,0,0,0
filtlong,MPUSP,/tmp/tmpy8_ewngx/workflow/rules/mapping.smk,0,0,0,0,0,0,0,0,0,0,0,0,0,0,0,0,0,0,0,0,0,0,0,0,0
mapping,MPUSP,/tmp/tmpy8_ewngx/workflow/rules/mapping.smk,0,0,0,0,0,0,0,0,0,0,0,0,0,0,0,0,0,0,0,0,0,0,0,0,0
genomecoverage,MPUSP,/tmp/tmpy8_ewngx/workflow/rules/mapping.smk,0,0,0,0,0,0,0,0,0,0,0,0,0,0,0,0,0,0,0,0,0,0,0,0,0
alignmentends,MPUSP,/tmp/tmpy8_ewngx/workflow/rules/mapping.smk,0,0,0,0,0,0,0,0,0,0,0,0,0,0,0,0,0,0,0,0,0,0,0,0,0
snv_medaka,MPUSP,/tmp/tmpy8_ewngx/workflow/rules/small_nucleotide_variants.smk,0,0,0,0,0,0,0,0,0,0,0,0,0,0,0,0,0,0,0,0,0,0,0,0,0
models_clair3,MPUSP,/tmp/tmpy8_ewngx/workflow/rules/small_nucleotide_variants.smk,0,0,0,0,0,0,0,0,0,0,0,0,0,0,0,0,0,0,0,0,0,0,0,0,0
snv_clair3,MPUSP,/tmp/tmpy8_ewngx/workflow/rules/small_nucleotide_variants.smk,0,0,0,0,0,0,0,0,0,0,0,0,0,0,0,0,0,0,0,0,0,0,0,0,0
sniffles2,MPUSP,/tmp/tmpy8_ewngx/workflow/rules/structural_variants.smk,0,0,0,0,0,0,0,0,0,0,0,0,0,0,0,0,0,0,0,0,0,0,0,0,0
cutesv,MPUSP,/tmp/tmpy8_ewngx/workflow/rules/structural_variants.smk,0,0,0,0,0,0,0,0,0,0,0,0,0,0,0,0,0,0,0,0,0,0,0,0,0
collect_vcfs,MPUSP,/tmp/tmpy8_ewngx/workflow/rules/report.smk,0,0,0,0,0,0,0,0,0,0,0,0,0,0,0,0,0,0,0,0,0,0,0,0,0
prepare_vcfs,MPUSP,/tmp/tmpy8_ewngx/workflow/rules/report.smk,0,0,0,0,0,0,0,0,0,0,0,0,0,0,0,0,0,0,0,0,0,0,0,0,0
igv_reports,MPUSP,/tmp/tmpy8_ewngx/workflow/rules/report.smk,0,0,0,0,0,0,0,0,0,0,0,0,0,0,0,0,0,0,0,0,0,0,0,0,0
report,MPUSP,/tmp/tmpy8_ewngx/workflow/rules/report.smk,0,0,0,0,0,0,0,0,0,0,0,0,0,0,0,0,0,0,0,0,0,0,0,0,0
all,MPUSP,/tmp/tmpm4nm_r3b/workflow/Snakefile,0,0,0,0,0,0,0,0,0,0,0,0,0,0,0,0,0,0,0,0,0,0,0,0,0
bcftools_pileup,MPUSP,/tmp/tmpm4nm_r3b/workflow/rules/bcftools.smk,0,0,0,0,0,0,0,0,0,0,0,0,0,0,0,0,0,0,0,0,0,0,0,0,0
bcftools_call,MPUSP,/tmp/tmpm4nm_r3b/workflow/rules/bcftools.smk,0,0,0,0,0,0,0,0,0,0,0,0,0,0,0,0,0,0,0,0,0,0,0,0,0
bcftools_view,MPUSP,/tmp/tmpm4nm_r3b/workflow/rules/bcftools.smk,0,0,0,0,0,0,0,0,0,0,0,0,0,0,0,0,0,0,0,0,0,0,0,0,0
bcftools_filter,MPUSP,/tmp/tmpm4nm_r3b/workflow/rules/bcftools.smk,0,0,0,0,0,0,0,0,0,0,0,0,0,0,0,0,0,0,0,0,0,0,0,0,0
bcftools_stats,MPUSP,/tmp/tmpm4nm_r3b/workflow/rules/bcftools.smk,0,0,0,0,0,0,0,0,0,0,0,0,0,0,0,0,0,0,0,0,0,0,0,0,0
samtools_sort,MPUSP,/tmp/tmpm4nm_r3b/workflow/rules/mapping_stats.smk,0,0,0,0,0,0,0,0,0,0,0,0,0,0,0,0,0,0,0,0,0,0,0,0,0
samtools_index,MPUSP,/tmp/tmpm4nm_r3b/workflow/rules/mapping_stats.smk,0,0,0,0,0,0,0,0,0,0,0,0,0,0,0,0,0,0,0,0,0,0,0,0,0
gffread_gff,MPUSP,/tmp/tmpm4nm_r3b/workflow/rules/mapping_stats.smk,0,0,0,0,0,0,0,0,0,0,0,0,0,0,0,0,0,0,0,0,0,0,0,0,0
rseqc_infer_experiment,MPUSP,/tmp/tmpm4nm_r3b/workflow/rules/mapping_stats.smk,0,0,0,0,0,0,0,0,0,0,0,0,0,0,0,0,0,0,0,0,0,0,0,0,0
rseqc_bam_stat,MPUSP,/tmp/tmpm4nm_r3b/workflow/rules/mapping_stats.smk,0,0,0,0,0,0,0,0,0,0,0,0,0,0,0,0,0,0,0,0,0,0,0,0,0
deeptools_coverage,MPUSP,/tmp/tmpm4nm_r3b/workflow/rules/mapping_stats.smk,0,0,0,0,0,0,0,0,0,0,0,0,0,0,0,0,0,0,0,0,0,0,0,0,0
bwa_mem2_index,MPUSP,/tmp/tmpm4nm_r3b/workflow/rules/bwamem2.smk,0,0,0,0,0,0,0,0,0,0,0,0,0,0,0,0,0,0,0,0,0,0,0,0,0
bwa_mem2,MPUSP,/tmp/tmpm4nm_r3b/workflow/rules/bwamem2.smk,0,0,0,0,0,0,0,0,0,0,0,0,0,0,0,0,0,0,0,0,0,0,0,0,0
minimap2_index,MPUSP,/tmp/tmpm4nm_r3b/workflow/rules/minimap2.smk,0,0,0,0,0,0,0,0,0,0,0,0,0,0,0,0,0,0,0,0,0,0,0,0,0
minimap2_align,MPUSP,/tmp/tmpm4nm_r3b/workflow/rules/minimap2.smk,0,0,0,0,0,0,0,0,0,0,0,0,0,0,0,0,0,0,0,0,0,0,0,0,0
fastqc,MPUSP,/tmp/tmpm4nm_r3b/workflow/rules/qc.smk,0,0,0,0,0,0,0,0,0,0,0,0,0,0,0,0,1,0,0,0,0,0,0,0,0
multiqc,MPUSP,/tmp/tmpm4nm_r3b/workflow/rules/qc.smk,0,0,0,0,0,0,0,0,0,0,0,0,0,0,0,0,0,0,0,0,0,0,0,0,0
get_genome,MPUSP,/tmp/tmpm4nm_r3b/workflow/rules/process_reads.smk,0,0,0,0,0,0,0,0,0,0,0,0,0,0,0,0,0,0,0,0,0,0,0,0,0
get_fastq,MPUSP,/tmp/tmpm4nm_r3b/workflow/rules/process_reads.smk,0,0,0,0,0,0,0,0,0,0,0,0,0,0,0,0,0,0,0,0,0,0,0,0,0
fastp,MPUSP,/tmp/tmpm4nm_r3b/workflow/rules/process_reads.smk,0,0,0,0,0,0,0,0,0,0,0,0,0,0,0,0,1,0,0,0,0,0,0,0,0
freebayes,MPUSP,/tmp/tmpm4nm_r3b/workflow/rules/freebayes.smk,0,0,0,0,0,0,0,0,0,0,0,0,0,0,0,0,0,0,0,0,0,0,0,0,0
star_index,MPUSP,/tmp/tmpm4nm_r3b/workflow/rules/star.smk,0,0,0,0,0,0,0,0,0,0,0,0,0,0,0,0,0,0,0,0,0,0,0,0,0
star_align,MPUSP,/tmp/tmpm4nm_r3b/workflow/rules/star.smk,0,0,0,0,0,0,0,0,0,0,0,0,0,0,0,0,0,0,0,0,0,0,0,0,0
vep_prepare,MPUSP,/tmp/tmpm4nm_r3b/workflow/rules/variant_annotation.smk,0,0,0,0,0,0,0,0,0,0,0,0,0,0,0,0,0,0,0,0,0,0,0,0,0
vep_plugins,MPUSP,/tmp/tmpm4nm_r3b/workflow/rules/variant_annotation.smk,0,0,0,0,0,0,0,0,0,0,0,0,0,0,0,0,0,0,0,0,0,0,0,0,0
vep_annotate_variants,MPUSP,/tmp/tmpm4nm_r3b/workflow/rules/variant_annotation.smk,0,0,0,0,0,0,0,0,0,0,0,0,0,0,0,0,0,0,0,0,0,0,0,0,0
snpeff_prepare,MPUSP,/tmp/tmpm4nm_r3b/workflow/rules/variant_annotation.smk,0,0,0,0,0,0,0,0,0,0,0,0,0,0,0,0,0,0,0,0,0,0,0,0,0
snpeff,MPUSP,/tmp/tmpm4nm_r3b/workflow/rules/variant_annotation.smk,0,0,0,0,0,0,0,0,0,0,0,0,0,1,0,0,1,0,0,0,0,0,0,0,0
bowtie2_build,MPUSP,/tmp/tmpm4nm_r3b/workflow/rules/bowtie2.smk,0,0,0,0,0,0,0,0,0,0,0,0,0,0,0,0,0,0,0,0,0,0,0,0,0
bowtie2_align,MPUSP,/tmp/tmpm4nm_r3b/workflow/rules/bowtie2.smk,0,0,0,0,0,0,0,0,0,0,0,0,0,0,0,0,0,0,0,0,0,0,0,0,0
bcftools_bcf_and_index,MPUSP,/tmp/tmpm4nm_r3b/workflow/rules/report.smk,0,0,0,0,0,0,0,0,0,0,0,0,0,0,0,0,0,0,0,0,0,0,0,0,0
bcftools_intersection,MPUSP,/tmp/tmpm4nm_r3b/workflow/rules/report.smk,0,0,0,0,0,0,0,0,0,0,0,0,0,0,0,0,0,0,0,0,0,0,0,0,0
report_html,MPUSP,/tmp/tmpm4nm_r3b/workflow/rules/report.smk,0,0,0,0,0,0,0,0,0,0,0,0,0,0,0,0,0,0,0,0,0,0,0,0,0
report_pdf,MPUSP,/tmp/tmpm4nm_r3b/workflow/rules/report.smk,0,0,0,0,0,0,0,0,0,0,0,0,0,0,0,0,0,0,0,0,0,0,0,0,0
all,MPUSP,/tmp/tmpepgaq0ph/workflow/Snakefile,0,0,0,0,0,0,0,0,0,0,0,0,0,0,0,0,0,0,0,0,0,0,0,0,0
database,MPUSP,/tmp/tmpepgaq0ph/workflow/Snakefile,0,0,0,0,0,0,0,0,0,0,0,0,0,0,0,0,0,0,0,0,0,0,0,0,0
decoypyrat,MPUSP,/tmp/tmpepgaq0ph/workflow/Snakefile,0,0,0,0,0,0,0,0,0,0,0,0,0,0,0,0,0,0,0,0,0,0,0,0,0
samplesheet,MPUSP,/tmp/tmpepgaq0ph/workflow/Snakefile,0,0,0,0,0,0,0,0,0,0,0,0,0,0,0,0,0,0,0,0,0,0,0,0,0
workflow,MPUSP,/tmp/tmpepgaq0ph/workflow/Snakefile,0,0,0,0,0,0,0,0,0,0,0,0,0,0,0,0,0,0,0,0,0,0,0,0,0
fragpipe,MPUSP,/tmp/tmpepgaq0ph/workflow/Snakefile,0,0,0,0,0,0,0,0,0,0,0,0,0,0,0,0,0,0,0,0,0,0,0,0,0
msstats,MPUSP,/tmp/tmpepgaq0ph/workflow/Snakefile,0,0,0,0,0,0,0,0,0,0,0,0,0,0,0,0,0,0,0,0,0,0,0,0,0
clean_up,MPUSP,/tmp/tmpepgaq0ph/workflow/Snakefile,0,0,0,0,0,0,0,0,0,0,0,0,0,0,0,0,0,0,0,0,0,0,0,0,0
versions,MPUSP,/tmp/tmpepgaq0ph/workflow/Snakefile,0,0,0,0,0,0,0,0,0,0,0,0,0,0,0,0,0,0,0,0,0,0,0,0,0
module_logs,MPUSP,/tmp/tmpepgaq0ph/workflow/Snakefile,0,0,0,0,0,0,0,0,0,0,0,0,0,0,0,0,0,0,0,0,0,0,0,0,0
report_html,MPUSP,/tmp/tmpepgaq0ph/workflow/Snakefile,0,0,0,0,0,0,0,0,0,0,0,0,0,0,0,0,0,0,0,0,0,0,0,0,0
report_pdf,MPUSP,/tmp/tmpepgaq0ph/workflow/Snakefile,0,0,0,0,0,0,0,0,0,0,0,0,0,0,0,0,0,0,0,0,0,0,0,0,0
email,MPUSP,/tmp/tmpepgaq0ph/workflow/Snakefile,0,0,0,0,0,0,0,0,0,0,0,0,0,0,0,0,0,0,0,0,0,0,0,0,0
all,MPUSP,/tmp/tmpqn35dxhg/workflow/Snakefile,0,0,0,0,0,0,0,0,0,0,0,0,0,0,0,0,0,0,0,0,0,0,0,0,0
prepare_summary,MPUSP,/tmp/tmpqn35dxhg/workflow/rules/qc.smk,0,0,0,0,0,0,0,0,0,0,0,0,0,0,0,0,0,0,0,0,0,0,0,0,0
pycoQC_report,MPUSP,/tmp/tmpqn35dxhg/workflow/rules/qc.smk,0,0,0,0,0,0,0,0,0,0,0,0,0,0,0,0,0,0,0,0,0,0,0,0,0
nanoplot_report,MPUSP,/tmp/tmpqn35dxhg/workflow/rules/qc.smk,0,0,0,0,0,0,0,0,0,0,0,0,0,0,0,0,0,0,0,0,0,0,0,0,0
download_model,MPUSP,/tmp/tmpqn35dxhg/workflow/rules/basecall.smk,0,0,0,0,0,0,0,0,0,0,0,0,0,0,0,0,0,0,0,0,0,0,0,0,0
dorado_simplex,MPUSP,/tmp/tmpqn35dxhg/workflow/rules/basecall.smk,0,0,0,0,0,0,0,0,0,0,0,0,0,0,0,0,0,0,0,0,0,0,0,0,0
samtools_bamtofq,MPUSP,/tmp/tmpqn35dxhg/workflow/rules/basecall.smk,0,0,0,0,0,0,0,0,0,0,0,0,0,0,0,0,0,0,0,0,0,0,0,0,0
dorado_summary,MPUSP,/tmp/tmpqn35dxhg/workflow/rules/basecall.smk,0,0,0,0,0,0,0,0,0,0,0,0,0,0,0,0,0,0,0,0,0,0,0,0,0
gzip,MPUSP,/tmp/tmpqn35dxhg/workflow/rules/basecall.smk,0,0,0,0,0,0,0,0,0,0,0,0,0,0,0,0,0,0,0,0,0,0,0,0,0
dorado_demux,MPUSP,/tmp/tmpqn35dxhg/workflow/rules/demultiplex.smk,0,0,0,0,0,0,0,0,0,0,0,0,0,0,0,0,0,0,0,0,0,0,0,0,0
collect_demuxed_fastq,MPUSP,/tmp/tmpqn35dxhg/workflow/rules/demultiplex.smk,0,0,0,0,0,0,0,0,0,0,0,0,0,0,0,0,0,0,0,0,0,0,0,0,0
aggregrate_file,MPUSP,/tmp/tmpqn35dxhg/workflow/rules/demultiplex.smk,0,0,0,0,0,0,0,0,0,0,0,0,0,0,0,0,0,0,0,0,0,0,0,0,0
aggregrate_barcode,MPUSP,/tmp/tmpqn35dxhg/workflow/rules/demultiplex.smk,0,0,0,0,0,0,0,0,0,0,0,0,0,0,0,0,0,0,0,0,0,0,0,0,0
all,cu-swe4s-fall-2023,/tmp/tmp00zjllf6/Snakefile,0,0,0,0,0,0,0,0,0,0,0,0,0,0,0,0,0,0,0,0,0,0,0,0,0
load_data,cu-swe4s-fall-2023,/tmp/tmp00zjllf6/Snakefile,0,0,0,0,0,0,0,0,0,0,0,0,0,0,0,0,0,0,0,0,0,0,0,0,0
plot_hist,cu-swe4s-fall-2023,/tmp/tmp00zjllf6/Snakefile,0,0,0,0,0,0,0,0,0,0,0,0,0,0,0,0,0,0,0,0,0,0,0,0,0
all,GaspardR,/tmp/tmpxxrpo_pt/workflow/Snakefile,0,0,0,0,0,0,0,0,0,0,0,0,0,0,0,0,0,0,0,0,0,0,0,0,0
A,GaspardR,/tmp/tmpxxrpo_pt/workflow/Snakefile,0,0,0,0,0,0,0,0,0,0,0,0,0,0,0,0,0,0,0,0,0,0,0,0,0
C,GaspardR,/tmp/tmpxxrpo_pt/workflow/Snakefile,0,0,0,0,0,0,0,0,0,0,0,0,0,0,0,0,0,0,0,0,0,0,0,0,0
all,calliope-project,/tmp/tmp_uk7bv4f/workflow/Snakefile,0,0,0,0,0,0,0,0,0,0,0,0,0,0,0,0,0,0,0,0,0,0,0,0,0
breakup_shape,calliope-project,/tmp/tmp_uk7bv4f/workflow/rules/process.smk,0,0,0,0,0,0,0,0,0,0,0,0,0,0,0,0,0,0,0,0,0,0,0,0,0
prepare_resampled_inputs,calliope-project,/tmp/tmp_uk7bv4f/workflow/rules/process.smk,0,0,0,0,0,0,0,0,0,0,0,0,0,0,0,0,0,0,0,0,0,0,0,0,0
area_potential,calliope-project,/tmp/tmp_uk7bv4f/workflow/rules/process.smk,0,0,0,0,0,0,0,0,0,0,0,0,0,0,0,0,0,0,0,0,0,0,0,0,0
aggregate_area_potential,calliope-project,/tmp/tmp_uk7bv4f/workflow/rules/process.smk,0,0,0,0,0,0,0,0,0,0,0,0,0,0,0,0,0,0,0,0,0,0,0,0,0
plot_aggregated_area_potential,calliope-project,/tmp/tmp_uk7bv4f/workflow/rules/process.smk,0,0,0,0,0,0,0,0,0,0,0,0,0,0,0,0,0,0,0,0,0,0,0,0,0
area_potential_report,calliope-project,/tmp/tmp_uk7bv4f/workflow/rules/process.smk,0,0,0,0,0,0,0,0,0,0,0,0,0,0,0,0,0,0,0,0,0,0,0,0,0
download_globcover,calliope-project,/tmp/tmp_uk7bv4f/workflow/rules/automatic.smk,0,0,0,0,0,0,0,0,0,0,0,0,0,0,0,0,0,0,0,0,0,0,0,0,0
unzip_globcover,calliope-project,/tmp/tmp_uk7bv4f/workflow/rules/automatic.smk,0,0,0,0,0,0,0,0,0,0,0,0,0,0,0,0,0,0,0,0,0,0,0,0,0
clip_landcover,calliope-project,/tmp/tmp_uk7bv4f/workflow/rules/automatic.smk,0,0,0,0,0,0,0,0,0,0,0,0,0,0,0,0,0,0,0,0,0,0,0,0,0
download_ghsl,calliope-project,/tmp/tmp_uk7bv4f/workflow/rules/automatic.smk,0,0,0,0,0,0,0,0,0,0,0,0,0,0,0,0,0,0,0,0,0,0,0,0,0
unzip_ghsl,calliope-project,/tmp/tmp_uk7bv4f/workflow/rules/automatic.smk,0,0,0,0,0,0,0,0,0,0,0,0,0,0,0,0,0,0,0,0,0,0,0,0,0
clip_settlement,calliope-project,/tmp/tmp_uk7bv4f/workflow/rules/automatic.smk,0,0,0,0,0,0,0,0,0,0,0,0,0,0,0,0,0,0,0,0,0,0,0,0,0
rasterise_clip_wdpa,calliope-project,/tmp/tmp_uk7bv4f/workflow/rules/automatic.smk,0,0,0,0,0,0,0,0,0,0,0,0,0,0,0,0,0,0,0,0,0,0,0,0,0
download_netherlands_shapes,calliope-project,/tmp/tmp_uk7bv4f/tests/integration/Snakefile,0,0,0,0,0,0,0,0,0,0,0,0,0,0,0,0,0,0,0,0,0,0,0,0,0
download_netherlands_protected_areas,calliope-project,/tmp/tmp_uk7bv4f/tests/integration/Snakefile,0,0,0,0,0,0,0,0,0,0,0,0,0,0,0,0,0,0,0,0,0,0,0,0,0
unzip_netherlands_protected_areas,calliope-project,/tmp/tmp_uk7bv4f/tests/integration/Snakefile,0,0,0,0,0,0,0,0,0,0,0,0,0,0,0,0,0,0,0,0,0,0,0,0,0
all,calliope-project,/tmp/tmp_uk7bv4f/tests/integration/Snakefile,0,0,0,0,0,0,0,0,0,0,0,0,0,0,0,0,0,0,0,0,0,0,0,0,0
all,MarieRiisgaard,/tmp/tmpy9_u8ltj/workflow/Snakefile,0,0,0,0,0,0,0,0,0,0,0,0,0,0,0,0,0,0,0,0,0,0,0,0,0
abund_table,MarieRiisgaard,/tmp/tmpy9_u8ltj/workflow/rules/x05-abund_table.smk,0,0,0,0,1,0,0,0,0,0,0,1,0,0,0,0,1,0,0,0,0,0,0,0,0
merge_abund_tables,MarieRiisgaard,/tmp/tmpy9_u8ltj/workflow/rules/x05-abund_table.smk,0,0,0,0,0,0,0,0,0,0,0,1,0,0,0,0,1,0,0,1,0,0,0,0,0
rarefy_abund_table,MarieRiisgaard,/tmp/tmpy9_u8ltj/workflow/rules/x05-abund_table.smk,0,0,0,0,0,0,0,0,0,0,0,1,0,0,0,0,1,0,0,1,0,0,0,0,0
sintax,MarieRiisgaard,/tmp/tmpy9_u8ltj/workflow/rules/x04-sintax.smk,0,0,0,0,0,0,0,0,0,0,0,1,0,0,0,0,1,0,0,1,0,0,0,0,0
sintax_subset,MarieRiisgaard,/tmp/tmpy9_u8ltj/workflow/rules/05-sintax.smk,0,0,0,0,0,0,0,0,0,0,0,1,0,0,0,0,1,0,0,1,0,0,0,0,0
append_asv_counts,MarieRiisgaard,/tmp/tmpy9_u8ltj/workflow/rules/06-append_asv_counts.smk,0,0,0,0,0,0,0,0,0,0,0,0,0,0,0,0,0,0,0,0,0,0,0,0,0
derep_subset,MarieRiisgaard,/tmp/tmpy9_u8ltj/workflow/rules/04-denoise.smk,0,1,0,0,0,0,0,0,0,0,0,1,0,0,0,0,1,0,0,0,0,0,0,0,0
unoise_subset,MarieRiisgaard,/tmp/tmpy9_u8ltj/workflow/rules/04-denoise.smk,0,0,0,0,0,0,0,0,0,0,0,0,0,0,0,0,0,0,0,0,0,0,0,0,0
trim_primers,MarieRiisgaard,/tmp/tmpy9_u8ltj/workflow/rules/02-primertrim.smk,0,0,0,0,0,0,0,0,0,0,0,1,0,0,0,0,1,0,0,1,0,0,0,0,0
sample_prep,MarieRiisgaard,/tmp/tmpy9_u8ltj/workflow/rules/01-sample_prep.smk,0,0,0,0,0,0,0,0,0,0,0,1,0,0,0,0,1,0,0,1,0,0,0,0,0
concatenate_total_reads_files,MarieRiisgaard,/tmp/tmpy9_u8ltj/workflow/rules/01-sample_prep.smk,0,0,0,0,0,0,0,0,0,0,0,1,0,0,0,0,1,0,0,1,0,0,0,0,0
abund_table,MarieRiisgaard,/tmp/tmpy9_u8ltj/workflow/rules/07-abund_table.smk,0,0,0,0,0,0,0,0,0,0,0,0,0,0,0,0,0,0,0,1,0,0,0,0,0
concat_all_trimmed,MarieRiisgaard,/tmp/tmpy9_u8ltj/workflow/rules/03-subsample.smk,0,0,0,0,0,0,1,0,0,0,0,0,0,0,0,0,1,0,0,0,0,0,0,0,0
subsample_reads,MarieRiisgaard,/tmp/tmpy9_u8ltj/workflow/rules/03-subsample.smk,0,0,0,0,0,0,0,1,0,0,0,0,0,0,0,0,1,0,0,0,0,0,0,0,0
merge_subsample_summaries,MarieRiisgaard,/tmp/tmpy9_u8ltj/workflow/rules/03-subsample.smk,0,0,0,0,0,0,0,0,0,0,0,0,0,0,0,0,0,0,0,0,0,0,0,0,0
concat_all,MarieRiisgaard,/tmp/tmpy9_u8ltj/workflow/rules/x02-denoise.smk,0,0,0,0,0,0,0,0,0,0,0,1,0,0,0,0,1,0,0,1,0,0,0,0,0
trim_primers,MarieRiisgaard,/tmp/tmpy9_u8ltj/workflow/rules/x02-denoise.smk,0,0,0,0,0,0,0,0,0,0,0,1,0,0,0,0,1,0,0,1,0,0,0,0,0
derep,MarieRiisgaard,/tmp/tmpy9_u8ltj/workflow/rules/x02-denoise.smk,1,0,0,0,0,0,0,0,0,0,0,1,0,0,0,0,1,0,0,0,0,0,0,0,0
unoise,MarieRiisgaard,/tmp/tmpy9_u8ltj/workflow/rules/x02-denoise.smk,0,0,0,0,0,0,0,0,0,0,0,1,0,0,0,0,1,0,0,1,0,0,0,0,0
all,Zilong-Li,/tmp/tmpuywjjpye/workflow/Snakefile,0,0,0,0,0,0,0,0,0,0,0,0,0,0,0,0,0,0,0,0,0,0,0,0,0
quilt_prepare_regular,Zilong-Li,/tmp/tmpuywjjpye/workflow/rules/quilt.smk,0,0,0,0,0,0,0,0,0,0,0,0,0,0,0,0,0,0,0,0,0,0,0,0,0
quilt_run_regular,Zilong-Li,/tmp/tmpuywjjpye/workflow/rules/quilt.smk,0,0,0,0,0,0,0,0,0,0,0,0,0,0,0,0,0,0,0,0,0,0,0,0,0
quilt_ligate_regular,Zilong-Li,/tmp/tmpuywjjpye/workflow/rules/quilt.smk,0,0,0,0,0,0,0,0,0,0,0,0,0,0,0,0,0,0,0,0,0,0,0,0,0
quilt_prepare_mspbwt,Zilong-Li,/tmp/tmpuywjjpye/workflow/rules/quilt.smk,0,0,0,0,0,0,0,0,0,0,0,0,0,0,0,0,0,0,0,0,0,0,0,0,0
quilt_run_mspbwt,Zilong-Li,/tmp/tmpuywjjpye/workflow/rules/quilt.smk,0,0,0,0,0,0,0,0,0,0,0,0,0,0,0,0,0,0,0,0,0,0,0,0,0
quilt_ligate_mspbwt,Zilong-Li,/tmp/tmpuywjjpye/workflow/rules/quilt.smk,0,0,0,0,0,0,0,0,0,0,0,0,0,0,0,0,0,0,0,0,0,0,0,0,0
subset_sample_list,Zilong-Li,/tmp/tmpuywjjpye/workflow/rules/refpanels.smk,0,0,0,0,0,0,0,0,0,0,0,0,0,0,0,0,0,0,0,0,0,0,0,0,0
subset_refpanel_by_chrom,Zilong-Li,/tmp/tmpuywjjpye/workflow/rules/refpanels.smk,0,0,0,0,0,0,0,0,0,0,0,0,0,0,0,0,0,0,0,0,0,0,0,0,0
subset_refpanel_by_chunkid,Zilong-Li,/tmp/tmpuywjjpye/workflow/rules/refpanels.smk,0,0,0,0,0,0,0,0,0,0,0,0,0,0,0,0,0,0,0,0,0,0,0,0,0
concat_refpanel_sites_by_chunks,Zilong-Li,/tmp/tmpuywjjpye/workflow/rules/refpanels.smk,0,0,0,0,0,0,0,0,0,0,0,0,0,0,0,0,0,0,0,0,0,0,0,0,0
collect_truth_gts,Zilong-Li,/tmp/tmpuywjjpye/workflow/rules/accuracy.smk,0,0,0,0,0,0,0,0,0,0,0,0,0,0,0,0,0,0,0,0,0,0,0,0,0
collect_quilt_regular_imputed_gts,Zilong-Li,/tmp/tmpuywjjpye/workflow/rules/accuracy.smk,0,0,0,0,0,0,0,0,0,0,0,0,0,0,0,0,0,0,0,0,0,0,0,0,0
collect_quilt_mspbwt_imputed_gts,Zilong-Li,/tmp/tmpuywjjpye/workflow/rules/accuracy.smk,0,0,0,0,0,0,0,0,0,0,0,0,0,0,0,0,0,0,0,0,0,0,0,0,0
plot_quilt_regular,Zilong-Li,/tmp/tmpuywjjpye/workflow/rules/accuracy.smk,0,0,0,0,0,0,0,0,0,0,0,0,0,0,0,0,0,0,0,0,0,1,0,0,0
plot_quilt_mspbwt,Zilong-Li,/tmp/tmpuywjjpye/workflow/rules/accuracy.smk,0,0,0,0,0,0,0,0,0,0,0,0,0,0,0,0,0,0,0,0,0,0,0,0,0
plot_quilt_accuracy,Zilong-Li,/tmp/tmpuywjjpye/workflow/rules/accuracy.smk,0,0,0,0,0,0,0,0,0,0,0,0,0,0,0,0,0,0,0,0,0,0,0,0,0
collect_glimpse_imputed_gts,Zilong-Li,/tmp/tmpuywjjpye/workflow/rules/accuracy.smk,0,0,0,0,0,0,0,0,0,0,0,0,0,0,0,0,0,0,0,0,0,0,0,0,0
collect_glimpse2_imputed_gts,Zilong-Li,/tmp/tmpuywjjpye/workflow/rules/accuracy.smk,0,0,0,0,0,0,0,0,0,0,0,0,0,0,0,0,0,0,0,0,0,0,0,0,0
plot_glimpse2_accuracy,Zilong-Li,/tmp/tmpuywjjpye/workflow/rules/accuracy.smk,0,0,0,0,0,0,0,0,0,0,0,0,0,0,0,0,0,0,0,0,0,0,0,0,0
plot_glimpse_accuracy,Zilong-Li,/tmp/tmpuywjjpye/workflow/rules/accuracy.smk,0,0,0,0,0,0,0,0,0,0,0,0,0,0,0,0,0,0,0,0,0,0,0,0,0
plot_accuracy_panelsize,Zilong-Li,/tmp/tmpuywjjpye/workflow/rules/accuracy.smk,0,0,0,0,0,0,0,0,0,0,0,0,0,0,0,0,0,0,0,0,0,0,0,0,0
plot_accuracy_depth,Zilong-Li,/tmp/tmpuywjjpye/workflow/rules/accuracy.smk,0,0,0,0,0,0,0,0,0,0,0,0,0,0,0,0,0,0,0,0,0,0,0,0,0
plot_accuracy_v2,Zilong-Li,/tmp/tmpuywjjpye/workflow/rules/accuracy.smk,0,0,0,0,0,0,0,0,0,0,0,0,0,0,0,0,0,0,0,0,0,0,0,0,0
plot_accuracy_f1,Zilong-Li,/tmp/tmpuywjjpye/workflow/rules/accuracy.smk,0,0,0,0,0,0,0,0,0,0,0,0,0,0,0,0,0,0,0,0,0,0,0,0,0
downsample_bam,Zilong-Li,/tmp/tmpuywjjpye/workflow/rules/downsample.smk,0,0,0,0,0,0,0,0,0,0,0,0,0,0,0,0,0,0,0,0,0,0,0,0,0
bamlist,Zilong-Li,/tmp/tmpuywjjpye/workflow/rules/downsample.smk,0,0,0,0,0,0,0,0,0,0,0,0,0,0,0,0,0,0,0,0,0,0,0,0,0
glimpse2_prepare_panel,Zilong-Li,/tmp/tmpuywjjpye/workflow/rules/glimpse.smk,0,0,0,0,0,0,0,0,0,0,0,0,0,0,0,0,0,0,0,0,0,0,0,0,0
glimpse2_phase,Zilong-Li,/tmp/tmpuywjjpye/workflow/rules/glimpse.smk,0,0,0,0,0,0,0,0,0,0,0,0,0,0,0,0,0,0,0,0,0,0,0,0,0
glimpse2_ligate,Zilong-Li,/tmp/tmpuywjjpye/workflow/rules/glimpse.smk,0,0,0,0,0,0,0,0,0,0,0,0,0,0,0,0,0,0,0,0,0,0,0,0,0
glimpse_prepare_glvcf,Zilong-Li,/tmp/tmpuywjjpye/workflow/rules/glimpse.smk,0,0,0,0,0,0,0,0,0,0,0,0,0,0,0,0,0,0,0,0,0,0,0,0,0
glimpse_phase,Zilong-Li,/tmp/tmpuywjjpye/workflow/rules/glimpse.smk,0,0,0,0,0,0,0,0,0,0,0,0,0,0,0,0,0,0,0,0,0,0,0,0,0
glimpse_ligate,Zilong-Li,/tmp/tmpuywjjpye/workflow/rules/glimpse.smk,0,0,0,0,0,0,0,0,0,0,0,0,0,0,0,0,0,0,0,0,0,0,0,0,0
collect_quilt_regular_speed_log,Zilong-Li,/tmp/tmpuywjjpye/workflow/rules/speed.smk,0,0,0,0,0,0,0,0,0,0,0,0,0,0,0,0,0,0,0,0,0,0,0,0,0
collect_quilt_mspbwt_speed_log,Zilong-Li,/tmp/tmpuywjjpye/workflow/rules/speed.smk,0,0,0,0,0,0,0,0,0,0,0,0,0,0,0,0,0,0,0,0,0,0,0,0,0
collect_glimpse2_speed_log,Zilong-Li,/tmp/tmpuywjjpye/workflow/rules/speed.smk,0,0,0,0,0,0,0,0,0,0,0,0,0,0,0,0,0,0,0,0,0,0,0,0,0
collect_glimpse_speed_log,Zilong-Li,/tmp/tmpuywjjpye/workflow/rules/speed.smk,0,0,0,0,0,0,0,0,0,0,0,0,0,0,0,0,0,0,0,0,0,0,0,0,0
plot_speed_quilt_regular,Zilong-Li,/tmp/tmpuywjjpye/workflow/rules/speed.smk,0,0,0,0,0,0,0,0,0,0,0,0,0,0,0,0,0,0,0,0,0,0,0,0,0
plot_speed_quilt_mspbwt,Zilong-Li,/tmp/tmpuywjjpye/workflow/rules/speed.smk,0,0,0,0,0,0,0,0,0,0,0,0,0,0,0,0,0,0,0,0,0,0,0,0,0
plot_speed_glimpse2,Zilong-Li,/tmp/tmpuywjjpye/workflow/rules/speed.smk,0,0,0,0,0,0,0,0,0,0,0,0,0,0,0,0,0,0,0,0,0,0,0,0,0
plot_speed_glimpse,Zilong-Li,/tmp/tmpuywjjpye/workflow/rules/speed.smk,0,0,0,0,0,0,0,0,0,0,0,0,0,0,0,0,0,0,0,0,0,0,0,0,0
plot_speed_by_panelsize,Zilong-Li,/tmp/tmpuywjjpye/workflow/rules/speed.smk,0,0,0,0,0,0,0,0,0,0,0,0,0,0,0,0,0,0,0,0,0,0,0,0,0
plot_speed_by_depth,Zilong-Li,/tmp/tmpuywjjpye/workflow/rules/speed.smk,0,0,0,0,0,0,0,0,0,0,0,0,0,0,0,0,0,0,0,0,0,0,0,0,0
all,eriqande,/tmp/tmpz3vevsjm/Snakefile,0,0,0,0,0,0,0,0,0,0,0,0,0,0,0,0,0,0,0,0,0,0,0,0,0
annotate_variants,eriqande,/tmp/tmpz3vevsjm/rules/annotation.smk,0,0,0,0,0,0,0,0,0,0,0,0,0,0,0,0,0,0,0,0,0,0,0,0,0
call_variants,eriqande,/tmp/tmpz3vevsjm/rules/calling.smk,0,0,0,0,0,0,0,0,0,0,0,0,0,0,0,0,0,0,0,0,0,0,0,0,0
combine_calls,eriqande,/tmp/tmpz3vevsjm/rules/calling.smk,0,0,0,0,0,0,0,0,0,0,0,0,0,0,0,0,0,0,0,0,0,0,0,0,0
genotype_variants,eriqande,/tmp/tmpz3vevsjm/rules/calling.smk,0,0,0,0,0,0,0,0,0,0,0,0,0,0,0,0,0,0,0,0,0,0,0,0,0
merge_variants,eriqande,/tmp/tmpz3vevsjm/rules/calling.smk,0,0,0,0,0,0,0,0,0,0,0,0,0,0,0,0,0,0,0,0,0,0,0,0,0
vcf_to_tsv,eriqande,/tmp/tmpz3vevsjm/rules/stats.smk,0,0,0,0,0,0,0,0,0,0,0,0,0,0,0,0,0,0,0,0,0,0,0,0,0
plot_stats,eriqande,/tmp/tmpz3vevsjm/rules/stats.smk,0,0,0,0,0,0,0,0,0,0,0,0,0,0,0,0,0,0,0,0,0,0,0,0,0
get_genome,eriqande,/tmp/tmpz3vevsjm/rules/ref.smk,0,0,0,0,0,0,0,0,0,0,0,0,0,0,0,0,0,0,0,0,0,0,0,0,0
genome_faidx,eriqande,/tmp/tmpz3vevsjm/rules/ref.smk,0,0,0,0,0,0,0,0,0,0,0,0,0,0,0,0,0,0,0,0,0,0,0,0,0
genome_dict,eriqande,/tmp/tmpz3vevsjm/rules/ref.smk,0,0,0,0,0,0,0,0,0,0,0,0,0,0,0,0,0,0,0,0,0,0,0,0,0
get_known_variation,eriqande,/tmp/tmpz3vevsjm/rules/ref.smk,0,0,0,0,0,0,0,0,0,0,0,0,0,0,0,0,0,0,0,0,0,0,0,0,0
remove_iupac_codes,eriqande,/tmp/tmpz3vevsjm/rules/ref.smk,0,0,0,0,0,0,0,0,0,0,0,0,0,0,0,0,0,0,0,0,0,0,0,0,0
tabix_known_variants,eriqande,/tmp/tmpz3vevsjm/rules/ref.smk,0,0,0,0,0,0,0,0,0,0,0,0,0,0,0,0,0,0,0,0,0,0,0,0,0
bwa_index,eriqande,/tmp/tmpz3vevsjm/rules/ref.smk,0,0,0,0,0,0,0,0,0,0,0,0,0,0,0,0,1,0,0,0,0,0,0,0,0
get_vep_cache,eriqande,/tmp/tmpz3vevsjm/rules/ref.smk,0,0,0,0,0,0,0,0,0,0,0,0,0,0,0,0,0,0,0,0,0,0,0,0,0
get_vep_plugins,eriqande,/tmp/tmpz3vevsjm/rules/ref.smk,0,0,0,0,0,0,0,0,0,0,0,0,0,0,0,0,0,0,0,0,0,0,0,0,0
fastqc,eriqande,/tmp/tmpz3vevsjm/rules/qc.smk,0,0,0,0,0,0,0,0,0,0,0,0,0,0,0,0,0,0,0,0,0,0,0,0,0
samtools_stats,eriqande,/tmp/tmpz3vevsjm/rules/qc.smk,0,0,0,0,0,0,0,0,0,0,0,0,0,0,0,0,0,0,0,0,0,0,0,0,0
multiqc,eriqande,/tmp/tmpz3vevsjm/rules/qc.smk,0,0,0,0,0,0,0,0,0,0,0,0,0,0,0,0,0,0,0,0,0,0,0,0,0
trim_reads_se,eriqande,/tmp/tmpz3vevsjm/rules/mapping.smk,0,0,0,0,0,0,0,0,0,0,0,0,0,0,0,0,0,0,0,0,0,0,0,0,0
trim_reads_pe,eriqande,/tmp/tmpz3vevsjm/rules/mapping.smk,0,0,0,0,0,0,0,0,0,0,0,0,0,0,0,0,0,0,0,0,0,0,0,0,0
map_reads,eriqande,/tmp/tmpz3vevsjm/rules/mapping.smk,0,0,0,0,0,0,0,0,0,0,0,0,0,0,0,0,0,0,0,0,0,0,0,0,0
mark_duplicates,eriqande,/tmp/tmpz3vevsjm/rules/mapping.smk,0,0,0,0,0,0,0,0,0,0,0,0,0,0,0,0,0,0,0,0,0,0,0,0,0
recalibrate_base_qualities,eriqande,/tmp/tmpz3vevsjm/rules/mapping.smk,0,0,0,0,0,0,0,0,0,0,0,0,0,0,0,0,0,0,0,0,0,0,0,0,0
samtools_index,eriqande,/tmp/tmpz3vevsjm/rules/mapping.smk,0,0,0,0,0,0,0,0,0,0,0,0,0,0,0,0,0,0,0,0,0,0,0,0,0
select_calls,eriqande,/tmp/tmpz3vevsjm/rules/filtering.smk,0,0,0,0,0,0,0,0,0,0,0,0,0,0,0,0,0,0,0,0,0,0,0,0,0
hard_filter_calls,eriqande,/tmp/tmpz3vevsjm/rules/filtering.smk,0,0,0,0,0,0,0,0,0,0,0,0,0,0,0,0,0,0,0,0,0,0,0,0,0
recalibrate_calls,eriqande,/tmp/tmpz3vevsjm/rules/filtering.smk,0,0,0,0,0,0,0,0,0,0,0,0,0,0,0,0,0,0,0,0,0,0,0,0,0
merge_calls,eriqande,/tmp/tmpz3vevsjm/rules/filtering.smk,0,0,0,0,0,0,0,0,0,0,0,0,0,0,0,0,0,0,0,0,0,0,0,0,0
all,adknaupp,/tmp/tmpoey8exho/workflow/Snakefile,0,0,0,0,0,0,0,0,0,0,0,0,0,0,0,0,0,0,0,0,0,0,0,0,0
bam_to_fastq,adknaupp,/tmp/tmpoey8exho/workflow/Snakefile,0,0,0,0,0,0,0,0,0,0,0,0,0,0,0,0,0,0,0,0,0,0,0,0,0
index_fastq,adknaupp,/tmp/tmpoey8exho/workflow/Snakefile,0,0,0,0,0,0,0,0,0,0,0,0,0,0,0,0,0,0,0,0,0,0,0,0,0
run_pbaa,adknaupp,/tmp/tmpoey8exho/workflow/Snakefile,0,0,0,0,0,0,0,0,0,0,0,0,0,0,0,0,0,0,0,0,0,0,0,0,0
count_haplotypes,adknaupp,/tmp/tmpoey8exho/workflow/Snakefile,0,0,0,0,0,0,0,0,0,0,0,0,0,0,0,0,0,0,0,0,0,0,0,0,0
all,Tereringo101,/tmp/tmpkysqwgeh/workflow/Snakefile,0,0,0,0,0,0,0,0,0,0,0,0,0,0,0,0,0,0,0,0,0,0,0,0,0
download_fastq,Tereringo101,/tmp/tmpkysqwgeh/workflow/rules/download.smk,0,0,0,0,0,0,0,0,0,0,0,0,0,0,0,0,0,0,0,0,0,0,0,0,0
prokka_annotation,Tereringo101,/tmp/tmpkysqwgeh/workflow/rules/annotation.smk,0,0,0,0,0,0,0,0,0,0,0,0,0,0,0,0,0,0,0,0,0,0,0,0,0
flye_assembly,Tereringo101,/tmp/tmpkysqwgeh/workflow/rules/assembly.smk,0,0,0,0,0,0,0,0,0,0,0,0,0,0,0,0,0,0,0,0,0,0,0,0,0
filtlong,Tereringo101,/tmp/tmpkysqwgeh/workflow/rules/filter.smk,0,0,0,0,0,0,0,0,0,0,0,0,0,0,0,0,0,0,0,0,0,0,0,0,0
prepare_ref,zhuakexi,/tmp/tmplke5q_t_/workflow/Snakefile,0,0,0,0,0,0,0,0,0,0,0,0,0,0,0,0,0,0,0,0,0,0,0,0,0
stage1_trimm_pe,zhuakexi,/tmp/tmplke5q_t_/workflow/Snakefile,0,0,0,0,0,0,0,0,0,0,0,0,0,0,0,0,0,0,0,0,0,0,0,0,0
stage2_dedup,zhuakexi,/tmp/tmplke5q_t_/workflow/Snakefile,0,0,0,0,0,0,0,0,0,0,0,0,0,0,0,0,0,0,0,0,0,0,0,0,0
all,zhuakexi,/tmp/tmplke5q_t_/workflow/Snakefile,0,0,0,0,0,0,0,0,0,0,0,0,0,0,0,0,0,0,0,0,0,0,0,0,0
annotate_variants,zhuakexi,/tmp/tmplke5q_t_/workflow/rules/annotation.smk,0,0,0,0,0,0,0,0,0,0,0,0,0,0,0,0,1,0,0,0,0,0,0,0,0
call_variants,zhuakexi,/tmp/tmplke5q_t_/workflow/rules/calling.smk,0,0,0,0,0,0,0,0,0,0,0,0,0,0,0,0,1,0,0,0,0,0,0,0,0
combine_calls,zhuakexi,/tmp/tmplke5q_t_/workflow/rules/calling.smk,0,0,0,0,0,0,0,0,0,0,0,0,0,0,0,0,1,0,0,0,0,0,0,0,0
genotype_variants,zhuakexi,/tmp/tmplke5q_t_/workflow/rules/calling.smk,0,0,0,0,0,0,0,0,0,0,0,0,0,0,0,0,1,0,0,0,0,0,0,0,0
merge_variants,zhuakexi,/tmp/tmplke5q_t_/workflow/rules/calling.smk,0,0,0,0,0,0,0,0,0,0,0,0,0,0,0,0,1,0,0,0,0,0,0,0,0
vcf_to_tsv,zhuakexi,/tmp/tmplke5q_t_/workflow/rules/stats.smk,0,0,0,0,0,0,0,0,0,0,0,0,0,0,0,0,1,0,0,0,0,0,0,0,0
plot_stats,zhuakexi,/tmp/tmplke5q_t_/workflow/rules/stats.smk,0,0,0,0,0,0,0,0,0,0,0,0,0,0,0,0,1,0,0,0,0,0,0,0,0
get_genome,zhuakexi,/tmp/tmplke5q_t_/workflow/rules/ref.smk,0,0,0,0,0,0,0,0,0,0,0,0,0,0,0,0,1,0,0,0,0,0,0,0,0
genome_faidx,zhuakexi,/tmp/tmplke5q_t_/workflow/rules/ref.smk,0,0,0,0,0,0,0,0,0,0,0,0,0,0,0,0,1,0,0,0,0,0,0,0,0
genome_dict,zhuakexi,/tmp/tmplke5q_t_/workflow/rules/ref.smk,0,0,0,0,0,0,0,0,0,0,0,0,0,0,0,0,1,0,0,0,0,0,0,0,0
get_known_variation,zhuakexi,/tmp/tmplke5q_t_/workflow/rules/ref.smk,0,0,0,0,0,0,0,0,0,0,0,0,0,0,0,0,1,0,0,0,0,0,0,0,0
remove_iupac_codes,zhuakexi,/tmp/tmplke5q_t_/workflow/rules/ref.smk,0,0,0,0,0,0,0,0,0,0,0,0,0,0,0,0,1,0,0,0,0,0,0,0,0
tabix_known_variants,zhuakexi,/tmp/tmplke5q_t_/workflow/rules/ref.smk,0,0,0,0,0,0,0,0,0,0,0,0,0,0,0,0,1,0,0,0,0,0,0,0,0
bwa_index,zhuakexi,/tmp/tmplke5q_t_/workflow/rules/ref.smk,0,0,0,0,0,0,0,0,0,0,0,0,0,0,0,0,1,0,0,0,0,0,0,0,0
get_vep_cache,zhuakexi,/tmp/tmplke5q_t_/workflow/rules/ref.smk,0,0,0,0,0,0,0,0,0,0,0,0,0,0,0,0,1,0,0,0,0,0,0,0,0
get_vep_plugins,zhuakexi,/tmp/tmplke5q_t_/workflow/rules/ref.smk,0,0,0,0,0,0,0,0,0,0,0,0,0,0,0,0,1,0,0,0,0,0,0,0,0
fastqc,zhuakexi,/tmp/tmplke5q_t_/workflow/rules/qc.smk,0,0,0,0,0,0,0,0,0,0,0,0,0,0,0,0,1,0,0,0,0,0,0,0,0
samtools_stats,zhuakexi,/tmp/tmplke5q_t_/workflow/rules/qc.smk,0,0,0,0,0,0,0,0,0,0,0,0,0,0,0,0,1,0,0,0,0,0,0,0,0
multiqc,zhuakexi,/tmp/tmplke5q_t_/workflow/rules/qc.smk,0,0,0,0,0,0,0,0,0,0,0,0,0,0,0,0,1,0,0,0,0,0,0,0,0
trim_reads_se,zhuakexi,/tmp/tmplke5q_t_/workflow/rules/mapping.smk,0,0,0,0,0,0,0,0,0,0,0,0,0,0,0,0,1,0,0,0,0,0,0,0,0
trim_reads_pe,zhuakexi,/tmp/tmplke5q_t_/workflow/rules/mapping.smk,0,0,0,0,0,0,0,0,0,0,0,0,0,0,0,0,1,0,0,0,0,0,0,0,0
map_reads,zhuakexi,/tmp/tmplke5q_t_/workflow/rules/mapping.smk,0,0,0,0,0,0,0,0,0,0,0,0,0,0,0,0,1,0,0,0,0,0,0,0,0
mark_duplicates,zhuakexi,/tmp/tmplke5q_t_/workflow/rules/mapping.smk,0,0,0,0,0,0,0,0,0,0,0,0,0,0,0,0,1,0,0,0,0,0,0,0,0
recalibrate_base_qualities,zhuakexi,/tmp/tmplke5q_t_/workflow/rules/mapping.smk,0,0,0,0,0,0,0,0,0,0,0,0,0,0,0,0,1,0,0,0,0,0,0,0,0
apply_base_quality_recalibration,zhuakexi,/tmp/tmplke5q_t_/workflow/rules/mapping.smk,0,0,0,0,0,0,0,0,0,0,0,0,0,0,0,0,1,0,0,0,0,0,0,0,0
samtools_index,zhuakexi,/tmp/tmplke5q_t_/workflow/rules/mapping.smk,0,0,0,0,0,0,0,0,0,0,0,0,0,0,0,0,1,0,0,0,0,0,0,0,0
select_calls,zhuakexi,/tmp/tmplke5q_t_/workflow/rules/filtering.smk,0,0,0,0,0,0,0,0,0,0,0,0,0,0,0,0,1,0,0,0,0,0,0,0,0
hard_filter_calls,zhuakexi,/tmp/tmplke5q_t_/workflow/rules/filtering.smk,0,0,0,0,0,0,0,0,0,0,0,0,0,0,0,0,1,0,0,0,0,0,0,0,0
recalibrate_calls,zhuakexi,/tmp/tmplke5q_t_/workflow/rules/filtering.smk,0,0,0,0,0,0,0,0,0,0,0,0,0,0,0,0,1,0,0,0,0,0,0,0,0
merge_calls,zhuakexi,/tmp/tmplke5q_t_/workflow/rules/filtering.smk,0,0,0,0,0,0,0,0,0,0,0,0,0,0,0,0,1,0,0,0,0,0,0,0,0
this_all,matsengrp,/tmp/tmpcg7mkk7i/Snakefile,0,0,0,0,0,0,0,0,0,0,0,0,0,0,0,0,0,0,0,0,0,0,0,0,0
run_analysis,matsengrp,/tmp/tmpcg7mkk7i/Snakefile,0,0,0,0,0,0,0,0,0,0,0,0,0,0,0,0,0,0,0,0,0,0,0,0,0
run_coloc,simpsondl,/tmp/tmpuloq3bro/workflow/rules/perform_colocalization.smk,0,0,0,0,0,0,0,0,0,0,0,0,0,0,0,0,0,0,0,0,0,0,0,0,0
aggregate_coloc_results,simpsondl,/tmp/tmpuloq3bro/workflow/rules/perform_colocalization.smk,0,0,0,0,0,0,0,0,0,0,0,0,0,0,0,0,0,0,0,0,0,0,0,0,0
define_colocalized_signals,simpsondl,/tmp/tmpuloq3bro/workflow/rules/perform_colocalization.smk,0,0,0,0,0,0,0,0,0,0,0,0,0,0,0,0,0,0,0,0,0,0,0,0,0
join_credible_sets,simpsondl,/tmp/tmpuloq3bro/workflow/rules/perform_colocalization.smk,0,0,0,0,0,0,0,0,0,0,0,0,0,0,0,0,0,0,0,0,0,0,0,0,0
all,simpsondl,/tmp/tmpuloq3bro/workflow/rules/perform_colocalization.smk,0,0,0,0,0,0,0,0,0,0,0,0,0,0,0,0,0,0,0,0,0,0,0,0,0
find_pairs,simpsondl,/tmp/tmpuloq3bro/workflow/rules/prepare_data.smk,0,0,0,0,0,0,0,0,0,0,0,0,0,0,0,0,0,0,0,0,0,0,0,0,0
extract_regions,simpsondl,/tmp/tmpuloq3bro/workflow/rules/prepare_data.smk,0,0,0,0,0,0,0,0,0,0,0,0,0,0,0,0,0,0,0,0,0,0,0,0,0
all,mpitz123,/tmp/tmpznezjlyq/workflow/Snakefile,0,0,0,0,0,0,0,0,0,0,0,0,0,0,0,0,0,0,0,0,0,0,0,0,0
gffread,mpitz123,/tmp/tmpznezjlyq/workflow/Snakefile,0,0,0,0,0,0,0,0,0,0,0,0,0,0,0,0,0,0,0,0,0,0,0,0,0
extract_sp,mpitz123,/tmp/tmpznezjlyq/workflow/Snakefile,0,0,0,0,0,0,0,0,0,0,0,0,0,0,0,0,0,0,0,0,0,0,0,0,0
extract_ex,mpitz123,/tmp/tmpznezjlyq/workflow/Snakefile,0,0,0,0,0,0,0,0,0,0,0,0,0,0,0,0,0,0,0,0,0,0,0,0,0
index,mpitz123,/tmp/tmpznezjlyq/workflow/Snakefile,0,0,0,0,0,0,0,0,0,0,0,0,0,0,0,0,0,0,0,0,0,0,0,0,0
trimm,mpitz123,/tmp/tmpznezjlyq/workflow/Snakefile,0,0,0,0,0,0,0,0,0,0,0,0,0,0,0,0,0,0,0,0,0,0,0,0,0
map,mpitz123,/tmp/tmpznezjlyq/workflow/Snakefile,0,0,0,0,0,0,0,0,0,0,0,0,0,0,0,0,0,0,0,0,0,0,0,0,0
sort,mpitz123,/tmp/tmpznezjlyq/workflow/Snakefile,0,0,0,0,0,0,0,0,0,0,0,0,0,0,0,0,0,0,0,0,0,0,0,0,0
addReadGroups,mpitz123,/tmp/tmpznezjlyq/workflow/Snakefile,0,0,0,0,0,0,0,0,0,0,0,0,0,0,0,0,0,0,0,0,0,0,0,0,0
deduplicate,mpitz123,/tmp/tmpznezjlyq/workflow/Snakefile,0,0,0,0,0,0,0,0,0,0,0,0,0,0,0,0,0,0,0,0,0,0,0,0,0
count,mpitz123,/tmp/tmpznezjlyq/workflow/Snakefile,0,0,0,0,0,0,0,0,0,0,0,0,0,0,0,0,0,0,0,0,0,0,0,0,0
fastqc,mpitz123,/tmp/tmpznezjlyq/workflow/Snakefile,0,0,0,0,0,0,0,0,0,0,0,0,0,0,0,0,0,0,0,0,0,0,0,0,0
multiqc_dir,mpitz123,/tmp/tmpznezjlyq/workflow/Snakefile,0,0,0,0,0,0,0,0,0,0,0,0,0,0,0,0,0,0,0,0,0,0,0,0,0
all,MathiasEskildsen,/tmp/tmp6w7uykjm/workflow/Snakefile,0,0,0,0,0,0,0,0,0,0,0,0,0,0,0,0,0,0,0,0,0,0,0,0,0
capture_config,MathiasEskildsen,/tmp/tmp6w7uykjm/workflow/rules/capture_config.smk,0,0,0,0,0,0,0,0,0,0,0,0,0,0,0,0,1,0,0,1,0,0,0,0,0
taxonomy_sintax,MathiasEskildsen,/tmp/tmp6w7uykjm/workflow/rules/08-taxonomy.smk,0,0,0,0,0,0,0,0,0,0,0,0,0,0,0,0,1,0,0,1,0,0,0,0,0
taxonomy_blast,MathiasEskildsen,/tmp/tmp6w7uykjm/workflow/rules/08-taxonomy.smk,0,0,0,0,0,0,0,0,0,0,0,0,0,0,0,0,1,0,0,1,0,0,0,0,0
without_taxonomy,MathiasEskildsen,/tmp/tmp6w7uykjm/workflow/rules/08-taxonomy.smk,0,0,0,0,0,0,0,0,0,0,0,0,0,0,0,0,1,0,0,1,0,0,0,0,0
concatenate_fastq,MathiasEskildsen,/tmp/tmp6w7uykjm/workflow/rules/01-concatenate_fastq.smk,0,0,0,0,0,0,0,0,0,0,0,0,0,0,0,0,1,0,0,1,0,0,0,0,0
convert_to_fasta,MathiasEskildsen,/tmp/tmp6w7uykjm/workflow/rules/03-clustering.smk,0,0,0,0,0,0,0,0,0,0,0,0,0,0,0,0,1,0,0,1,0,0,0,0,0
vsearch_cluster,MathiasEskildsen,/tmp/tmp6w7uykjm/workflow/rules/03-clustering.smk,0,0,0,0,0,0,0,0,0,0,0,0,0,0,0,0,1,0,0,1,0,0,0,0,0
concatenate_otus,MathiasEskildsen,/tmp/tmp6w7uykjm/workflow/rules/04-mapping.smk,0,0,0,0,0,0,0,0,0,0,0,0,0,0,0,0,1,0,0,1,0,0,0,0,0
mapping,MathiasEskildsen,/tmp/tmp6w7uykjm/workflow/rules/04-mapping.smk,0,0,0,0,0,0,0,0,0,0,0,0,0,0,0,0,1,0,0,1,0,0,0,0,0
individual_outputs_blast,MathiasEskildsen,/tmp/tmp6w7uykjm/workflow/rules/12-phyloseq_abund_blast.smk,0,0,0,0,0,0,0,0,0,0,0,0,0,0,0,0,1,0,0,1,0,0,0,0,0
merge_abund_tax_blast,MathiasEskildsen,/tmp/tmp6w7uykjm/workflow/rules/12-phyloseq_abund_blast.smk,0,0,0,0,0,0,0,0,0,0,0,0,0,0,0,0,1,0,0,1,0,0,0,0,0
fix_tax_blast,MathiasEskildsen,/tmp/tmp6w7uykjm/workflow/rules/12-phyloseq_abund_blast.smk,0,0,0,0,0,0,0,0,0,0,0,0,0,0,0,0,1,0,0,1,0,0,0,0,0
cluster_ID,MathiasEskildsen,/tmp/tmp6w7uykjm/workflow/rules/07-clustering_identity.smk,0,0,0,0,0,0,0,0,0,0,0,0,0,0,0,0,1,0,0,1,0,0,0,0,0
ampvis2_std_plots_sintax,MathiasEskildsen,/tmp/tmp6w7uykjm/workflow/rules/13-ampvis2_std_plots.smk,0,0,0,0,0,0,0,0,0,0,0,0,0,0,0,0,1,0,0,1,0,0,0,0,0
ampvis2_std_plots_blast,MathiasEskildsen,/tmp/tmp6w7uykjm/workflow/rules/13-ampvis2_std_plots.smk,0,0,0,0,0,0,0,0,0,0,0,0,0,0,0,0,1,0,0,1,0,0,0,0,0
polish_racon,MathiasEskildsen,/tmp/tmp6w7uykjm/workflow/rules/05-polish_racon.smk,0,0,0,0,0,0,0,0,0,0,0,0,0,0,0,0,1,0,0,1,0,0,0,0,0
prep_for_ampvis2_sintax,MathiasEskildsen,/tmp/tmp6w7uykjm/workflow/rules/10-prep_for_ampvis2.smk,0,0,0,0,0,0,0,0,0,0,0,0,0,0,0,0,1,0,0,1,0,0,0,0,0
ampvis2_modifications_sintax,MathiasEskildsen,/tmp/tmp6w7uykjm/workflow/rules/10-prep_for_ampvis2.smk,0,0,0,0,0,0,0,0,0,0,0,0,0,0,0,0,1,0,0,1,0,0,0,0,0
phyloseq_abund_sintax,MathiasEskildsen,/tmp/tmp6w7uykjm/workflow/rules/11-prep_for_phyloseq.smk,0,0,0,0,0,0,0,0,0,0,0,0,0,0,0,0,1,0,0,1,0,0,0,0,0
phyloseq_sintax,MathiasEskildsen,/tmp/tmp6w7uykjm/workflow/rules/11-prep_for_phyloseq.smk,0,0,0,0,0,0,0,0,0,0,0,0,0,0,0,0,1,0,0,1,0,0,0,0,0
fix_otu_table_sintax,MathiasEskildsen,/tmp/tmp6w7uykjm/workflow/rules/09-fix_otu_table.smk,0,0,0,0,0,0,0,0,0,0,0,0,0,0,0,0,1,0,0,1,0,0,0,0,0
prep_input_blast,MathiasEskildsen,/tmp/tmp6w7uykjm/workflow/rules/09-fix_otu_table.smk,0,0,0,0,0,0,0,0,0,0,0,0,0,0,0,0,1,0,0,1,0,0,0,0,0
relabel,MathiasEskildsen,/tmp/tmp6w7uykjm/workflow/rules/06-relabel.smk,0,0,0,0,0,0,0,0,0,0,0,0,0,0,0,0,1,0,0,1,0,0,0,0,0
relabel_merge,MathiasEskildsen,/tmp/tmp6w7uykjm/workflow/rules/06-relabel.smk,0,0,0,0,0,0,0,0,0,0,0,0,0,0,0,0,1,0,0,1,0,0,0,0,0
filter_fastq,MathiasEskildsen,/tmp/tmp6w7uykjm/workflow/rules/02-filtering.smk,0,0,0,0,0,0,0,0,0,0,0,0,0,0,0,0,1,0,0,1,0,0,0,0,0
merge_read_count,MathiasEskildsen,/tmp/tmp6w7uykjm/workflow/rules/02-filtering.smk,0,0,0,0,0,0,0,0,0,0,0,0,0,0,0,0,1,0,0,1,0,0,0,0,0
all,Bioinflows-Bioversity-CIAT,/tmp/tmpkvncge98/workflow/Snakefile,0,0,0,0,0,0,0,0,0,0,0,0,0,0,0,0,0,0,0,0,0,0,0,0,0
index_genomes,Bioinflows-Bioversity-CIAT,/tmp/tmpkvncge98/workflow/Snakefile,0,0,0,0,0,0,0,0,0,0,0,0,0,0,0,0,0,0,0,0,0,0,0,0,0
build_primer3_input,Bioinflows-Bioversity-CIAT,/tmp/tmpkvncge98/workflow/rules/primer_search.smk,0,0,0,0,0,0,0,0,0,0,0,0,0,0,0,0,0,0,0,0,0,0,0,0,0
build_primer3_input_primercheck,Bioinflows-Bioversity-CIAT,/tmp/tmpkvncge98/workflow/rules/primer_search.smk,0,0,0,0,0,0,0,0,0,0,0,0,0,0,0,0,0,0,0,0,0,0,0,0,0
primer3_search_alt,Bioinflows-Bioversity-CIAT,/tmp/tmpkvncge98/workflow/rules/primer_search.smk,0,0,0,0,0,0,0,0,0,0,0,0,0,0,0,0,0,0,0,0,0,0,0,0,0
primer3_search,Bioinflows-Bioversity-CIAT,/tmp/tmpkvncge98/workflow/rules/primer_search.smk,0,0,0,0,0,0,0,0,0,0,0,0,0,0,0,0,0,0,0,0,0,0,0,0,0
select_primers,Bioinflows-Bioversity-CIAT,/tmp/tmpkvncge98/workflow/rules/primer_selection.smk,0,0,0,0,0,0,0,0,0,0,0,0,0,0,0,0,0,0,0,0,0,0,0,0,0
index_genome,Bioinflows-Bioversity-CIAT,/tmp/tmpkvncge98/workflow/rules/sequence_processing.smk,0,0,0,0,0,0,0,0,0,0,0,0,0,0,0,0,0,0,0,0,0,0,0,0,0
extract_roi,Bioinflows-Bioversity-CIAT,/tmp/tmpkvncge98/workflow/rules/sequence_processing.smk,0,0,0,0,0,0,0,0,0,0,0,0,0,0,0,0,0,0,0,0,0,0,0,0,0
get_alternative_roi,Bioinflows-Bioversity-CIAT,/tmp/tmpkvncge98/workflow/rules/sequence_processing.smk,0,0,0,0,0,0,0,0,0,0,0,0,0,0,0,0,0,0,0,0,0,0,0,0,0
all,jafors,/tmp/tmpbwuii4os/workflow/Snakefile,0,0,0,0,0,0,0,0,0,0,0,0,0,0,0,0,0,0,0,0,0,0,0,0,0
sambamba,jafors,/tmp/tmpbwuii4os/workflow/rules/utils.smk,0,0,0,0,0,0,0,0,0,0,0,0,0,0,0,0,0,0,0,0,0,0,0,0,0
get_genome,jafors,/tmp/tmpbwuii4os/workflow/rules/ref.smk,0,0,0,0,0,0,0,0,0,0,0,0,0,0,0,0,0,0,0,0,0,0,0,0,0
get_annotation,jafors,/tmp/tmpbwuii4os/workflow/rules/ref.smk,0,0,0,0,0,0,0,0,0,0,0,0,0,0,0,0,0,0,0,0,0,0,0,0,0
gtf_to_bed,jafors,/tmp/tmpbwuii4os/workflow/rules/ref.smk,0,0,0,0,0,0,0,0,0,0,0,0,0,0,0,0,0,0,0,0,0,0,0,0,0
genome_faidx,jafors,/tmp/tmpbwuii4os/workflow/rules/ref.smk,0,0,0,0,0,0,0,0,0,0,0,0,0,0,0,0,0,0,0,0,0,0,0,0,0
fastqc,jafors,/tmp/tmpbwuii4os/workflow/rules/qc.smk,0,0,0,0,0,0,0,0,0,0,0,0,0,0,0,0,0,0,0,0,0,0,0,0,0
multiqc,jafors,/tmp/tmpbwuii4os/workflow/rules/qc.smk,0,0,0,0,0,0,0,0,0,0,0,0,0,0,0,0,0,0,0,0,0,0,0,0,0
slamdunk_map,jafors,/tmp/tmpbwuii4os/workflow/rules/slamdunk.smk,0,0,0,0,0,0,0,0,0,0,0,0,0,0,0,0,0,0,0,0,0,0,0,0,0
slamdunk_filter,jafors,/tmp/tmpbwuii4os/workflow/rules/slamdunk.smk,0,0,0,0,0,0,0,0,0,0,0,0,0,0,0,0,0,0,0,0,0,0,0,0,0
slamdunk_snp,jafors,/tmp/tmpbwuii4os/workflow/rules/slamdunk.smk,0,0,0,0,0,0,0,0,0,0,0,0,0,0,0,0,0,0,0,0,0,0,0,0,0
slamdunk_count,jafors,/tmp/tmpbwuii4os/workflow/rules/slamdunk.smk,0,0,0,0,0,0,0,0,0,0,0,0,0,0,0,0,0,0,0,0,0,0,0,0,0
dedup,jafors,/tmp/tmpbwuii4os/workflow/rules/alleyoop.smk,0,0,0,0,0,0,0,0,0,0,0,0,0,0,0,0,0,0,0,0,0,0,0,0,0
collapse,jafors,/tmp/tmpbwuii4os/workflow/rules/alleyoop.smk,0,0,0,0,0,0,0,0,0,0,0,0,0,0,0,0,0,0,0,0,0,0,0,0,0
rates,jafors,/tmp/tmpbwuii4os/workflow/rules/alleyoop.smk,0,0,0,0,0,0,0,0,0,0,0,0,0,0,0,0,0,0,0,0,0,0,0,0,0
tccontext,jafors,/tmp/tmpbwuii4os/workflow/rules/alleyoop.smk,0,0,0,0,0,0,0,0,0,0,0,0,0,0,0,0,0,0,0,0,0,0,0,0,0
utrrates,jafors,/tmp/tmpbwuii4os/workflow/rules/alleyoop.smk,0,0,0,0,0,0,0,0,0,0,0,0,0,0,0,0,0,0,0,0,0,0,0,0,0
snpeval,jafors,/tmp/tmpbwuii4os/workflow/rules/alleyoop.smk,0,0,0,0,0,0,0,0,0,0,0,0,0,0,0,0,0,0,0,0,0,0,0,0,0
summary,jafors,/tmp/tmpbwuii4os/workflow/rules/alleyoop.smk,0,0,0,0,0,0,0,0,0,0,0,0,0,0,0,0,0,0,0,0,0,0,0,0,0
tcperreadpos,jafors,/tmp/tmpbwuii4os/workflow/rules/alleyoop.smk,0,0,0,0,0,0,0,0,0,0,0,0,0,0,0,0,0,0,0,0,0,0,0,0,0
tcperutrpos,jafors,/tmp/tmpbwuii4os/workflow/rules/alleyoop.smk,0,0,0,0,0,0,0,0,0,0,0,0,0,0,0,0,0,0,0,0,0,0,0,0,0
dump,jafors,/tmp/tmpbwuii4os/workflow/rules/alleyoop.smk,0,0,0,0,0,0,0,0,0,0,0,0,0,0,0,0,0,0,0,0,0,0,0,0,0
all,nate-d-olson,/tmp/tmp930wc1bk/Snakefile,0,0,0,0,0,0,0,0,0,0,0,0,0,0,0,0,0,0,0,0,0,0,0,0,0
get_assemblies,nate-d-olson,/tmp/tmp930wc1bk/Snakefile,0,0,0,0,0,0,0,0,0,0,0,0,0,0,0,0,0,0,0,0,0,0,0,0,0
get_ref,nate-d-olson,/tmp/tmp930wc1bk/Snakefile,0,0,0,0,0,0,0,0,0,0,0,0,0,0,0,0,0,0,0,0,0,0,0,0,0
index_ref,nate-d-olson,/tmp/tmp930wc1bk/Snakefile,0,0,0,0,0,0,0,0,0,0,0,0,0,0,0,0,1,0,0,0,0,0,0,0,0
index_ref_mmi,nate-d-olson,/tmp/tmp930wc1bk/Snakefile,0,0,0,0,0,0,0,0,0,0,0,0,0,0,0,0,1,0,0,0,0,0,0,0,0
index_ref_sdf,nate-d-olson,/tmp/tmp930wc1bk/Snakefile,0,0,0,0,0,0,0,0,0,0,0,0,0,0,0,0,0,0,0,0,0,0,0,0,0
get_strats,nate-d-olson,/tmp/tmp930wc1bk/Snakefile,0,0,0,0,0,0,0,0,0,0,0,0,0,0,0,0,0,0,0,0,0,0,0,0,0
get_comparison_vcf,nate-d-olson,/tmp/tmp930wc1bk/Snakefile,0,0,0,0,0,0,0,0,0,0,0,0,0,0,0,0,0,0,0,0,0,0,0,0,0
compress_vcf,nate-d-olson,/tmp/tmp930wc1bk/Snakefile,0,0,0,0,0,0,0,0,0,0,0,0,0,0,0,0,1,0,0,0,0,0,0,0,0
tabix,nate-d-olson,/tmp/tmp930wc1bk/Snakefile,0,0,0,0,0,0,0,0,0,0,0,0,0,0,0,0,0,0,0,0,0,0,0,0,0
run_dipcall,nate-d-olson,/tmp/tmp930wc1bk/Snakefile,0,0,0,0,0,0,0,0,0,0,0,0,0,0,0,0,1,0,0,0,0,0,0,0,0
sort_bed,nate-d-olson,/tmp/tmp930wc1bk/Snakefile,0,0,0,0,0,0,0,0,0,0,0,0,0,0,0,0,0,0,0,0,0,0,0,0,0
index_dip_bam,nate-d-olson,/tmp/tmp930wc1bk/Snakefile,0,0,0,0,0,0,0,0,0,0,0,0,0,0,0,0,0,0,0,0,0,0,0,0,0
sort_exclusion_beds,nate-d-olson,/tmp/tmp930wc1bk/Snakefile,0,0,0,0,0,0,0,0,0,0,0,0,0,0,0,0,0,0,0,0,0,0,0,0,0
postprocess_bed,nate-d-olson,/tmp/tmp930wc1bk/Snakefile,0,0,0,0,0,0,0,0,0,0,0,0,0,0,0,0,0,0,0,0,0,0,0,0,0
run_happy,nate-d-olson,/tmp/tmp930wc1bk/Snakefile,0,0,0,0,0,0,0,0,0,0,0,0,0,0,0,0,1,0,0,0,0,0,0,0,0
run_truvari,nate-d-olson,/tmp/tmp930wc1bk/Snakefile,0,0,0,0,0,0,0,0,0,0,0,0,0,0,0,0,0,0,0,0,0,0,0,0,0
truvari_refine,nate-d-olson,/tmp/tmp930wc1bk/Snakefile,0,0,0,0,0,0,0,0,0,0,0,0,0,0,0,0,0,0,0,0,0,0,0,0,0
download_bed_gz,nate-d-olson,/tmp/tmp930wc1bk/rules/exclusions.smk,0,0,0,0,0,0,0,0,0,0,0,0,0,0,0,0,0,0,0,0,0,0,0,0,0
make_gaps_bed,nate-d-olson,/tmp/tmp930wc1bk/rules/exclusions.smk,0,0,0,0,0,0,0,0,0,0,0,0,0,0,0,0,0,0,0,0,0,0,0,0,0
get_sv_widen_coords,nate-d-olson,/tmp/tmp930wc1bk/rules/exclusions.smk,0,0,0,0,0,0,0,0,0,0,0,0,0,0,0,0,0,0,0,0,0,0,0,0,0
intersect_SVs_and_simple_repeats,nate-d-olson,/tmp/tmp930wc1bk/rules/exclusions.smk,0,0,0,0,0,0,0,0,0,0,0,0,0,0,0,0,0,0,0,0,0,0,0,0,0
add_slop,nate-d-olson,/tmp/tmp930wc1bk/rules/exclusions.smk,0,0,0,0,0,0,0,0,0,0,0,0,0,0,0,0,0,0,0,0,0,0,0,0,0
intersect_start_and_end,nate-d-olson,/tmp/tmp930wc1bk/rules/exclusions.smk,0,0,0,0,0,0,0,0,0,0,0,0,0,0,0,0,0,0,0,0,0,0,0,0,0
add_flanks,nate-d-olson,/tmp/tmp930wc1bk/rules/exclusions.smk,0,0,0,0,0,0,0,0,0,0,0,0,0,0,0,0,0,0,0,0,0,0,0,0,0
subtract_exclusions,nate-d-olson,/tmp/tmp930wc1bk/rules/exclusions.smk,0,0,0,0,0,0,0,0,0,0,0,0,0,0,0,0,0,0,0,0,0,0,0,0,0
fix_XY_genotype,nate-d-olson,/tmp/tmp930wc1bk/rules/bench_vcf_processing.smk,0,0,0,0,0,0,0,0,0,0,0,0,0,0,0,0,0,0,0,0,0,0,0,0,0
dip_gap2homvarbutfiltered,nate-d-olson,/tmp/tmp930wc1bk/rules/bench_vcf_processing.smk,0,0,0,0,0,0,0,0,0,0,0,0,0,0,0,0,0,0,0,0,0,0,0,0,0
split_multiallelic_sites,nate-d-olson,/tmp/tmp930wc1bk/rules/bench_vcf_processing.smk,0,0,0,0,0,0,0,0,0,0,0,0,0,0,0,0,0,0,0,0,0,0,0,0,0
filter_lt19_and_norm,nate-d-olson,/tmp/tmp930wc1bk/rules/bench_vcf_processing.smk,0,0,0,0,0,0,0,0,0,0,0,0,0,0,0,0,1,0,0,0,0,0,0,0,0
get_adotto_tr_anno_db,nate-d-olson,/tmp/tmp930wc1bk/rules/bench_vcf_processing.smk,0,0,0,0,0,0,0,0,0,0,0,0,0,0,0,0,0,0,0,0,0,0,0,0,0
make_db_for_truvari_anno_trf,nate-d-olson,/tmp/tmp930wc1bk/rules/bench_vcf_processing.smk,0,0,0,0,0,0,0,0,0,0,0,0,0,0,0,0,0,0,0,0,0,0,0,0,0
run_truvari_anno_trf,nate-d-olson,/tmp/tmp930wc1bk/rules/bench_vcf_processing.smk,0,0,0,0,0,0,0,0,0,0,0,0,0,0,0,0,0,0,0,0,0,0,0,0,0
run_truvari_anno_svinfo,nate-d-olson,/tmp/tmp930wc1bk/rules/bench_vcf_processing.smk,0,0,0,0,0,0,0,0,0,0,0,0,0,0,0,0,0,0,0,0,0,0,0,0,0
run_truvari_anno_repmask,nate-d-olson,/tmp/tmp930wc1bk/rules/bench_vcf_processing.smk,0,0,0,0,0,0,0,0,0,0,0,0,0,0,0,0,0,0,0,0,0,0,0,0,0
run_truvari_anno_remap,nate-d-olson,/tmp/tmp930wc1bk/rules/bench_vcf_processing.smk,0,0,0,0,0,0,0,0,0,0,0,0,0,0,0,0,0,0,0,0,0,0,0,0,0
run_truvari_anno_lcr,nate-d-olson,/tmp/tmp930wc1bk/rules/bench_vcf_processing.smk,0,0,0,0,0,0,0,0,0,0,0,0,0,0,0,0,0,0,0,0,0,0,0,0,0
move_asm_vcf_to_draft_bench,nate-d-olson,/tmp/tmp930wc1bk/rules/bench_vcf_processing.smk,0,0,0,0,0,0,0,0,0,0,0,0,0,0,0,0,0,0,0,0,0,0,0,0,0
rename_and_move_processed_draft_bench_vcf,nate-d-olson,/tmp/tmp930wc1bk/rules/bench_vcf_processing.smk,0,0,0,0,0,0,0,0,0,0,0,0,0,0,0,0,0,0,0,0,0,0,0,0,0
run_assembly_stats,nate-d-olson,/tmp/tmp930wc1bk/rules/report.smk,0,0,0,0,0,0,0,0,0,0,0,0,0,0,0,0,0,0,0,0,0,0,0,0,0
get_bed_stats,nate-d-olson,/tmp/tmp930wc1bk/rules/report.smk,0,0,0,0,0,0,0,0,0,0,0,0,0,0,0,0,0,0,0,0,0,0,0,0,0
get_exclusion_coverage,nate-d-olson,/tmp/tmp930wc1bk/rules/report.smk,0,0,0,0,0,0,0,0,0,0,0,0,0,0,0,0,0,0,0,0,0,0,0,0,0
get_bcftools_stats,nate-d-olson,/tmp/tmp930wc1bk/rules/report.smk,0,0,0,0,0,0,0,0,0,0,0,0,0,0,0,0,0,0,0,0,0,0,0,0,0
get_rtg_vcf_stats,nate-d-olson,/tmp/tmp930wc1bk/rules/report.smk,0,0,0,0,0,0,0,0,0,0,0,0,0,0,0,0,0,0,0,0,0,0,0,0,0
summarize_exclusions,nate-d-olson,/tmp/tmp930wc1bk/rules/report.smk,0,0,0,0,0,0,0,0,0,0,0,0,0,0,0,0,0,0,0,0,0,0,0,0,0
all,zjnolen,/tmp/tmpc_bx7qmf/workflow/Snakefile,0,0,0,0,0,0,0,0,0,0,0,0,0,0,0,0,0,0,0,0,0,0,0,0,0
combine_LDdecay_files,zjnolen,/tmp/tmpc_bx7qmf/workflow/rules/4.2_linkage_decay.smk,0,0,0,0,0,0,0,0,0,0,0,0,0,0,0,0,0,0,0,1,0,0,0,0,0
fit_LD_decay,zjnolen,/tmp/tmpc_bx7qmf/workflow/rules/4.2_linkage_decay.smk,0,0,0,0,0,0,0,0,0,0,0,0,0,0,0,0,0,0,0,1,0,0,0,0,0
realSFS_1dSFS,zjnolen,/tmp/tmpc_bx7qmf/workflow/rules/7.0_SFS.smk,0,0,0,0,0,0,0,0,0,0,0,0,0,0,0,0,0,0,0,1,0,0,0,0,0
realSFS_1dSFS_bootstrap,zjnolen,/tmp/tmpc_bx7qmf/workflow/rules/7.0_SFS.smk,0,0,0,0,0,0,0,0,0,0,0,0,0,0,0,0,0,0,0,1,0,0,0,0,0
realSFS_2dSFS,zjnolen,/tmp/tmpc_bx7qmf/workflow/rules/7.0_SFS.smk,0,0,0,0,0,0,0,0,0,0,0,0,0,0,0,0,0,0,0,1,0,0,0,0,0
realSFS_2dSFS_bootstrap,zjnolen,/tmp/tmpc_bx7qmf/workflow/rules/7.0_SFS.smk,0,0,0,0,0,0,0,0,0,0,0,0,0,0,0,0,0,0,0,1,0,0,0,0,0
samtools_flagstat,zjnolen,/tmp/tmpc_bx7qmf/workflow/rules/2.1_sample_qc.smk,0,0,0,0,0,0,0,0,0,0,0,0,0,0,0,0,0,0,0,1,0,0,0,0,0
qualimap,zjnolen,/tmp/tmpc_bx7qmf/workflow/rules/2.1_sample_qc.smk,0,0,0,0,0,0,0,0,0,0,0,0,0,0,0,0,0,0,0,1,0,0,0,0,0
qualimap_userprovided,zjnolen,/tmp/tmpc_bx7qmf/workflow/rules/2.1_sample_qc.smk,0,0,0,0,0,0,0,0,0,0,0,0,0,0,0,0,0,0,0,1,0,0,0,0,0
qualimap_multiqc,zjnolen,/tmp/tmpc_bx7qmf/workflow/rules/2.1_sample_qc.smk,0,0,0,0,0,0,0,0,0,0,0,0,0,0,0,0,0,0,0,1,0,0,0,0,0
endo_cont,zjnolen,/tmp/tmpc_bx7qmf/workflow/rules/2.1_sample_qc.smk,0,0,0,0,0,0,0,0,0,0,0,0,0,0,0,0,0,0,0,1,0,0,0,0,0
compile_endo_cont,zjnolen,/tmp/tmpc_bx7qmf/workflow/rules/2.1_sample_qc.smk,0,0,0,0,0,0,0,0,0,0,0,0,0,0,0,0,0,0,0,0,0,0,0,0,0
ind_unfiltered_depth,zjnolen,/tmp/tmpc_bx7qmf/workflow/rules/2.1_sample_qc.smk,0,0,0,0,0,0,0,0,0,0,0,0,0,0,0,0,0,0,0,1,0,0,0,0,0
ind_mapQ_baseQ_depth,zjnolen,/tmp/tmpc_bx7qmf/workflow/rules/2.1_sample_qc.smk,0,0,0,0,0,0,0,0,0,0,0,0,0,0,0,0,0,0,0,1,0,0,0,0,0
ind_filtered_depth,zjnolen,/tmp/tmpc_bx7qmf/workflow/rules/2.1_sample_qc.smk,0,0,0,0,0,0,0,0,0,0,0,0,0,0,0,0,0,0,0,1,0,0,0,0,0
summarize_ind_depth,zjnolen,/tmp/tmpc_bx7qmf/workflow/rules/2.1_sample_qc.smk,0,0,0,0,0,0,0,0,0,0,0,0,0,0,0,0,0,0,0,1,0,0,0,0,0
merge_ind_depth,zjnolen,/tmp/tmpc_bx7qmf/workflow/rules/2.1_sample_qc.smk,0,0,0,0,0,0,0,0,0,0,0,0,0,0,0,0,0,0,0,1,0,0,0,0,0
combine_sample_qc,zjnolen,/tmp/tmpc_bx7qmf/workflow/rules/2.1_sample_qc.smk,0,0,0,0,0,0,0,0,0,0,0,0,0,0,0,0,0,0,0,1,0,0,0,0,0
sample_qc_summary,zjnolen,/tmp/tmpc_bx7qmf/workflow/rules/2.1_sample_qc.smk,0,0,0,0,0,0,0,0,0,0,0,0,0,0,0,0,0,0,0,1,0,0,0,0,0
ibs_ref_bias_nofilts,zjnolen,/tmp/tmpc_bx7qmf/workflow/rules/2.1_sample_qc.smk,0,0,0,0,0,0,0,0,0,0,0,0,0,0,0,0,0,0,0,1,0,0,0,0,0
ibs_ref_bias_filts,zjnolen,/tmp/tmpc_bx7qmf/workflow/rules/2.1_sample_qc.smk,0,0,0,0,0,0,0,0,0,0,0,0,0,0,0,0,0,0,0,1,0,0,0,0,0
merge_ibs_ref_bias,zjnolen,/tmp/tmpc_bx7qmf/workflow/rules/2.1_sample_qc.smk,0,0,0,0,0,0,0,0,0,0,0,0,0,0,0,0,0,0,0,1,0,0,0,0,0
plot_ibs_ref_bias,zjnolen,/tmp/tmpc_bx7qmf/workflow/rules/2.1_sample_qc.smk,0,0,0,0,0,0,0,0,0,0,0,0,0,0,0,0,0,0,0,1,0,0,0,0,0
ibs_ref_bias_table_html,zjnolen,/tmp/tmpc_bx7qmf/workflow/rules/2.1_sample_qc.smk,0,0,0,0,0,0,0,0,0,0,0,0,0,0,0,0,0,0,0,1,0,0,0,0,0
est_kinship_stats_sfs,zjnolen,/tmp/tmpc_bx7qmf/workflow/rules/5.0_relatedness.smk,0,0,0,0,0,0,0,0,0,0,0,0,0,0,0,0,0,0,0,1,0,0,0,0,0
compile_kinship_stats_sfs,zjnolen,/tmp/tmpc_bx7qmf/workflow/rules/5.0_relatedness.smk,0,0,0,0,0,0,0,0,0,0,0,0,0,0,0,0,0,0,0,1,0,0,0,0,0
doGlf1_ibsrelate,zjnolen,/tmp/tmpc_bx7qmf/workflow/rules/5.0_relatedness.smk,0,0,0,0,0,0,0,0,0,0,0,0,0,0,0,0,0,0,0,1,0,0,0,0,0
ibsrelate,zjnolen,/tmp/tmpc_bx7qmf/workflow/rules/5.0_relatedness.smk,0,0,0,0,0,0,0,0,0,0,0,0,0,0,0,0,0,0,0,1,0,0,0,0,0
est_kinship_stats_ibs,zjnolen,/tmp/tmpc_bx7qmf/workflow/rules/5.0_relatedness.smk,0,0,0,0,0,0,0,0,0,0,0,0,0,0,0,0,0,0,0,1,0,0,0,0,0
kinship_table_html,zjnolen,/tmp/tmpc_bx7qmf/workflow/rules/5.0_relatedness.smk,0,0,0,0,0,0,0,0,0,0,0,0,0,0,0,0,0,0,0,1,0,0,0,0,0
ngsrelate_ibsrelate_only,zjnolen,/tmp/tmpc_bx7qmf/workflow/rules/5.0_relatedness.smk,0,0,0,0,0,0,0,0,0,0,0,0,0,0,0,0,0,0,0,1,0,0,0,0,0
ngsrelate_freqbased,zjnolen,/tmp/tmpc_bx7qmf/workflow/rules/5.0_relatedness.smk,0,0,0,0,0,0,0,0,0,0,0,0,0,0,0,0,0,0,0,1,0,0,0,0,0
ngsrelate_freqbased_merge,zjnolen,/tmp/tmpc_bx7qmf/workflow/rules/5.0_relatedness.smk,0,0,0,0,0,0,0,0,0,0,0,0,0,0,0,0,0,0,0,1,0,0,0,0,0
ngsrelate_summary,zjnolen,/tmp/tmpc_bx7qmf/workflow/rules/5.0_relatedness.smk,0,0,0,0,0,0,0,0,0,0,0,0,0,0,0,0,0,0,0,1,0,0,0,0,0
ncbi_download,zjnolen,/tmp/tmpc_bx7qmf/workflow/rules/1.0_preprocessing.smk,0,0,0,0,0,0,0,0,0,0,0,0,0,0,0,0,0,0,0,1,0,0,0,0,0
fastp_mergedout,zjnolen,/tmp/tmpc_bx7qmf/workflow/rules/1.0_preprocessing.smk,0,0,0,0,0,0,0,0,0,0,0,0,0,0,0,0,0,0,0,1,0,0,0,0,0
fastp_pairedout,zjnolen,/tmp/tmpc_bx7qmf/workflow/rules/1.0_preprocessing.smk,0,0,0,0,0,0,0,0,0,0,0,0,0,0,0,0,0,0,0,1,0,0,0,0,0
fastp_multiqc,zjnolen,/tmp/tmpc_bx7qmf/workflow/rules/1.0_preprocessing.smk,0,0,0,0,0,0,0,0,0,0,0,0,0,0,0,0,0,0,0,1,0,0,0,0,0
realSFS_saf2theta,zjnolen,/tmp/tmpc_bx7qmf/workflow/rules/7.1_thetas.smk,0,0,0,0,0,0,0,0,0,0,0,0,0,0,0,0,0,0,0,1,0,0,0,0,0
thetaStat,zjnolen,/tmp/tmpc_bx7qmf/workflow/rules/7.1_thetas.smk,0,0,0,0,0,0,0,0,0,0,0,0,0,0,0,0,0,0,0,1,0,0,0,0,0
plot_thetas,zjnolen,/tmp/tmpc_bx7qmf/workflow/rules/7.1_thetas.smk,0,0,0,0,0,0,0,0,0,0,0,0,0,0,0,0,0,0,0,1,0,0,0,0,0
theta_tables,zjnolen,/tmp/tmpc_bx7qmf/workflow/rules/7.1_thetas.smk,0,0,0,0,0,0,0,0,0,0,0,0,0,0,0,0,0,0,0,1,0,0,0,0,0
angsd_makeBamlist,zjnolen,/tmp/tmpc_bx7qmf/workflow/rules/3.0_genotype_likelihoods.smk,0,0,0,0,0,0,0,0,0,0,0,0,0,0,0,0,0,0,0,1,0,0,0,0,0
popfile,zjnolen,/tmp/tmpc_bx7qmf/workflow/rules/3.0_genotype_likelihoods.smk,0,0,0,0,0,0,0,0,0,0,0,0,0,0,0,0,0,0,0,1,0,0,0,0,0
angsd_sites_index,zjnolen,/tmp/tmpc_bx7qmf/workflow/rules/3.0_genotype_likelihoods.smk,0,0,0,0,0,0,0,0,0,0,0,0,0,0,0,0,0,0,0,1,0,0,0,0,0
heterozygosity,zjnolen,/tmp/tmpc_bx7qmf/workflow/rules/7.3_heterozygosity.smk,0,0,0,0,0,0,0,0,0,0,0,0,0,0,0,0,0,0,0,1,0,0,0,0,0
heterozygosity_table,zjnolen,/tmp/tmpc_bx7qmf/workflow/rules/7.3_heterozygosity.smk,0,0,0,0,0,0,0,0,0,0,0,0,0,0,0,0,0,0,0,1,0,0,0,0,0
damageprofiler,zjnolen,/tmp/tmpc_bx7qmf/workflow/rules/2.2_dna_damage.smk,0,0,0,0,0,0,0,0,0,0,0,0,0,0,0,0,0,0,0,1,0,0,0,0,0
damageprofiler_userbam,zjnolen,/tmp/tmpc_bx7qmf/workflow/rules/2.2_dna_damage.smk,0,0,0,0,0,0,0,0,0,0,0,0,0,0,0,0,0,0,0,1,0,0,0,0,0
mapDamage2_rescaling,zjnolen,/tmp/tmpc_bx7qmf/workflow/rules/2.2_dna_damage.smk,0,0,0,0,0,0,0,0,0,0,0,0,0,0,0,0,0,0,0,1,0,0,0,0,0
dna_damage_multiqc,zjnolen,/tmp/tmpc_bx7qmf/workflow/rules/2.2_dna_damage.smk,0,0,0,0,0,0,0,0,0,0,0,0,0,0,0,0,0,0,0,1,0,0,0,0,0
realSFS_fst_index,zjnolen,/tmp/tmpc_bx7qmf/workflow/rules/7.2_fst.smk,0,0,0,0,0,0,0,0,0,0,0,0,0,0,0,0,0,0,0,1,0,0,0,0,0
realSFS_fst_stats,zjnolen,/tmp/tmpc_bx7qmf/workflow/rules/7.2_fst.smk,0,0,0,0,0,0,0,0,0,0,0,0,0,0,0,0,0,0,0,1,0,0,0,0,0
realSFS_fst_stats2,zjnolen,/tmp/tmpc_bx7qmf/workflow/rules/7.2_fst.smk,0,0,0,0,0,0,0,0,0,0,0,0,0,0,0,0,0,0,0,1,0,0,0,0,0
aggregate_fst_global,zjnolen,/tmp/tmpc_bx7qmf/workflow/rules/7.2_fst.smk,0,0,0,0,0,0,0,0,0,0,0,0,0,0,0,0,0,0,0,1,0,0,0,0,0
aggregate_fst_window,zjnolen,/tmp/tmpc_bx7qmf/workflow/rules/7.2_fst.smk,0,0,0,0,0,0,0,0,0,0,0,0,0,0,0,0,0,0,0,1,0,0,0,0,0
plot_fst,zjnolen,/tmp/tmpc_bx7qmf/workflow/rules/7.2_fst.smk,0,0,0,0,0,0,0,0,0,0,0,0,0,0,0,0,0,0,0,1,0,0,0,0,0
genome_bed,zjnolen,/tmp/tmpc_bx7qmf/workflow/rules/0.2_ref_filt.smk,0,0,0,0,0,0,0,0,0,0,0,0,0,0,0,0,0,0,0,1,0,0,0,0,0
smallscaff_bed,zjnolen,/tmp/tmpc_bx7qmf/workflow/rules/0.2_ref_filt.smk,0,0,0,0,0,0,0,0,0,0,0,0,0,0,0,0,0,0,0,1,0,0,0,0,0
sexlink_bed,zjnolen,/tmp/tmpc_bx7qmf/workflow/rules/0.2_ref_filt.smk,0,0,0,0,0,0,0,0,0,0,0,0,0,0,0,0,0,0,0,1,0,0,0,0,0
genmap_index,zjnolen,/tmp/tmpc_bx7qmf/workflow/rules/0.2_ref_filt.smk,0,0,0,0,0,0,0,0,0,0,0,0,0,0,0,0,0,0,0,1,0,0,0,0,0
genmap_map,zjnolen,/tmp/tmpc_bx7qmf/workflow/rules/0.2_ref_filt.smk,0,0,0,0,0,0,0,0,0,0,0,0,0,0,0,0,0,0,0,1,0,0,0,0,0
windowgen,zjnolen,/tmp/tmpc_bx7qmf/workflow/rules/0.2_ref_filt.smk,0,0,0,0,0,0,0,0,0,0,0,0,0,0,0,0,0,0,0,1,0,0,0,0,0
pileup_mappability,zjnolen,/tmp/tmpc_bx7qmf/workflow/rules/0.2_ref_filt.smk,0,0,0,0,0,0,0,0,0,0,0,0,0,0,0,0,0,0,0,1,0,0,0,0,0
genmap_filt_bed,zjnolen,/tmp/tmpc_bx7qmf/workflow/rules/0.2_ref_filt.smk,0,0,0,0,0,0,0,0,0,0,0,0,0,0,0,0,0,0,0,1,0,0,0,0,0
repeat_builddatabase,zjnolen,/tmp/tmpc_bx7qmf/workflow/rules/0.2_ref_filt.smk,0,0,0,0,0,0,0,0,0,0,0,0,0,0,0,0,0,0,0,1,0,0,0,0,0
repeatmodeler,zjnolen,/tmp/tmpc_bx7qmf/workflow/rules/0.2_ref_filt.smk,0,0,0,0,0,0,0,0,0,0,0,0,0,0,0,0,0,0,0,1,0,0,0,0,0
repeatmasker,zjnolen,/tmp/tmpc_bx7qmf/workflow/rules/0.2_ref_filt.smk,0,0,0,0,0,0,0,0,0,0,0,0,0,0,0,0,0,0,0,1,0,0,0,0,0
repeat_sum,zjnolen,/tmp/tmpc_bx7qmf/workflow/rules/0.2_ref_filt.smk,0,0,0,0,0,0,0,0,0,0,0,0,0,0,0,0,0,0,0,1,0,0,0,0,0
angsd_missdata,zjnolen,/tmp/tmpc_bx7qmf/workflow/rules/0.2_ref_filt.smk,0,0,0,0,0,0,0,0,0,0,0,0,0,0,0,0,0,0,0,1,0,0,0,0,0
missdata_bed,zjnolen,/tmp/tmpc_bx7qmf/workflow/rules/0.2_ref_filt.smk,0,0,0,0,0,0,0,0,0,0,0,0,0,0,0,0,0,0,0,1,0,0,0,0,0
combine_beds,zjnolen,/tmp/tmpc_bx7qmf/workflow/rules/0.2_ref_filt.smk,0,0,0,0,0,0,0,0,0,0,0,0,0,0,0,0,0,0,0,1,0,0,0,0,0
user_sites,zjnolen,/tmp/tmpc_bx7qmf/workflow/rules/0.2_ref_filt.smk,0,0,0,0,0,0,0,0,0,0,0,0,0,0,0,0,0,0,0,1,0,0,0,0,0
filter_summary_table,zjnolen,/tmp/tmpc_bx7qmf/workflow/rules/0.2_ref_filt.smk,0,0,0,0,0,0,0,0,0,0,0,0,0,0,0,0,0,0,0,1,0,0,0,0,0
link_mafs,zjnolen,/tmp/tmpc_bx7qmf/workflow/rules/3.3_mafs.smk,0,0,0,0,0,0,0,0,0,0,0,0,0,0,0,0,0,0,0,1,0,0,0,0,0
angsd_doMaf,zjnolen,/tmp/tmpc_bx7qmf/workflow/rules/3.3_mafs.smk,0,0,0,0,0,0,0,0,0,0,0,0,0,0,0,0,0,0,0,1,0,0,0,0,0
angsd_doIBS,zjnolen,/tmp/tmpc_bx7qmf/workflow/rules/9.0_IBS.smk,0,0,0,0,0,0,0,0,0,0,0,0,0,0,0,0,0,0,0,1,0,0,0,0,0
bwa_aln_merged,zjnolen,/tmp/tmpc_bx7qmf/workflow/rules/2.0_mapping.smk,0,0,0,0,0,0,0,0,0,0,0,0,0,0,0,0,0,0,0,1,0,0,0,0,0
bwa_samse_merged,zjnolen,/tmp/tmpc_bx7qmf/workflow/rules/2.0_mapping.smk,0,0,0,0,0,0,0,0,0,0,0,0,0,0,0,0,0,0,0,1,0,0,0,0,0
bwa_mem_paired,zjnolen,/tmp/tmpc_bx7qmf/workflow/rules/2.0_mapping.smk,0,0,0,0,0,0,0,0,0,0,0,0,0,0,0,0,0,0,0,1,0,0,0,0,0
bwa_mem_merged,zjnolen,/tmp/tmpc_bx7qmf/workflow/rules/2.0_mapping.smk,0,0,0,0,0,0,0,0,0,0,0,0,0,0,0,0,0,0,0,1,0,0,0,0,0
samtools_merge_collapsed_libs,zjnolen,/tmp/tmpc_bx7qmf/workflow/rules/2.0_mapping.smk,0,0,0,0,0,0,0,0,0,0,0,0,0,0,0,0,0,0,0,1,0,0,0,0,0
samtools_merge_paired_units,zjnolen,/tmp/tmpc_bx7qmf/workflow/rules/2.0_mapping.smk,0,0,0,0,0,0,0,0,0,0,0,0,0,0,0,0,0,0,0,1,0,0,0,0,0
mark_duplicates,zjnolen,/tmp/tmpc_bx7qmf/workflow/rules/2.0_mapping.smk,0,0,0,0,0,0,0,0,0,0,0,0,0,0,0,0,0,0,0,1,0,0,0,0,0
dedup_merged,zjnolen,/tmp/tmpc_bx7qmf/workflow/rules/2.0_mapping.smk,0,0,0,0,0,0,0,0,0,0,0,0,0,0,0,0,0,0,0,1,0,0,0,0,0
samtools_merge_dedup,zjnolen,/tmp/tmpc_bx7qmf/workflow/rules/2.0_mapping.smk,0,0,0,0,0,0,0,0,0,0,0,0,0,0,0,0,0,0,0,1,0,0,0,0,0
realignertargetcreator,zjnolen,/tmp/tmpc_bx7qmf/workflow/rules/2.0_mapping.smk,0,0,0,0,0,0,0,0,0,0,0,0,0,0,0,0,0,0,0,1,0,0,0,0,0
indelrealigner,zjnolen,/tmp/tmpc_bx7qmf/workflow/rules/2.0_mapping.smk,0,0,0,0,0,0,0,0,0,0,0,0,0,0,0,0,0,0,0,1,0,0,0,0,0
bam_clipoverlap,zjnolen,/tmp/tmpc_bx7qmf/workflow/rules/2.0_mapping.smk,0,0,0,0,0,0,0,0,0,0,0,0,0,0,0,0,0,0,0,1,0,0,0,0,0
symlink_userbams,zjnolen,/tmp/tmpc_bx7qmf/workflow/rules/2.0_mapping.smk,0,0,0,0,0,0,0,0,0,0,0,0,0,0,0,0,0,0,0,1,0,0,0,0,0
bam_clipoverlap_userbams,zjnolen,/tmp/tmpc_bx7qmf/workflow/rules/2.0_mapping.smk,0,0,0,0,0,0,0,0,0,0,0,0,0,0,0,0,0,0,0,1,0,0,0,0,0
samtools_index,zjnolen,/tmp/tmpc_bx7qmf/workflow/rules/2.0_mapping.smk,0,0,0,0,0,0,0,0,0,0,0,0,0,0,0,0,0,0,0,1,0,0,0,0,0
symlink_bams,zjnolen,/tmp/tmpc_bx7qmf/workflow/rules/2.0_mapping.smk,0,0,0,0,0,0,0,0,0,0,0,0,0,0,0,0,0,0,0,1,0,0,0,0,0
samtools_subsample,zjnolen,/tmp/tmpc_bx7qmf/workflow/rules/2.0_mapping.smk,0,0,0,0,0,0,0,0,0,0,0,0,0,0,0,0,0,0,0,1,0,0,0,0,0
ngsLD_estLD,zjnolen,/tmp/tmpc_bx7qmf/workflow/rules/4.0_estimate_LD.smk,0,0,0,0,0,0,0,0,0,0,0,0,0,0,0,0,0,0,0,1,0,0,0,0,0
combine_LD_files,zjnolen,/tmp/tmpc_bx7qmf/workflow/rules/4.0_estimate_LD.smk,0,0,0,0,0,0,0,0,0,0,0,0,0,0,0,0,0,0,0,1,0,0,0,0,0
link_ref,zjnolen,/tmp/tmpc_bx7qmf/workflow/rules/0.1_ref_prep.smk,0,0,0,0,0,0,0,0,0,0,0,0,0,0,0,0,0,0,0,1,0,0,0,0,0
bwa_index,zjnolen,/tmp/tmpc_bx7qmf/workflow/rules/0.1_ref_prep.smk,0,0,0,0,0,0,0,0,0,0,0,0,0,0,0,0,0,0,0,1,0,0,0,0,0
samtools_faidx,zjnolen,/tmp/tmpc_bx7qmf/workflow/rules/0.1_ref_prep.smk,0,0,0,0,0,0,0,0,0,0,0,0,0,0,0,0,0,0,0,1,0,0,0,0,0
ref_chunking,zjnolen,/tmp/tmpc_bx7qmf/workflow/rules/0.1_ref_prep.smk,0,0,0,0,0,0,0,0,0,0,0,0,0,0,0,0,0,0,0,1,0,0,0,0,0
picard_dict,zjnolen,/tmp/tmpc_bx7qmf/workflow/rules/0.1_ref_prep.smk,0,0,0,0,0,0,0,0,0,0,0,0,0,0,0,0,0,0,0,1,0,0,0,0,0
ngsAdmix,zjnolen,/tmp/tmpc_bx7qmf/workflow/rules/6.1_admixture.smk,0,0,0,0,0,0,0,0,0,0,0,0,0,0,0,0,0,0,0,1,0,0,0,0,0
plot_admix,zjnolen,/tmp/tmpc_bx7qmf/workflow/rules/6.1_admixture.smk,0,0,0,0,0,0,0,0,0,0,0,0,0,0,0,0,0,0,0,1,0,0,0,0,0
admix_convergence_table,zjnolen,/tmp/tmpc_bx7qmf/workflow/rules/6.1_admixture.smk,0,0,0,0,0,0,0,0,0,0,0,0,0,0,0,0,0,0,0,1,0,0,0,0,0
evalAdmix,zjnolen,/tmp/tmpc_bx7qmf/workflow/rules/6.1_admixture.smk,0,0,0,0,0,0,0,0,0,0,0,0,0,0,0,0,0,0,0,1,0,0,0,0,0
plot_evalAdmix,zjnolen,/tmp/tmpc_bx7qmf/workflow/rules/6.1_admixture.smk,0,0,0,0,0,0,0,0,0,0,0,0,0,0,0,0,0,0,0,1,0,0,0,0,0
angsd_doSaf_pop,zjnolen,/tmp/tmpc_bx7qmf/workflow/rules/3.1_safs.smk,0,0,0,0,0,0,0,0,0,0,0,0,0,0,0,0,0,0,0,1,0,0,0,0,0
realSFS_catsaf,zjnolen,/tmp/tmpc_bx7qmf/workflow/rules/3.1_safs.smk,0,0,0,0,0,0,0,0,0,0,0,0,0,0,0,0,0,0,0,1,0,0,0,0,0
angsd_doSaf_sample,zjnolen,/tmp/tmpc_bx7qmf/workflow/rules/3.1_safs.smk,0,0,0,0,0,0,0,0,0,0,0,0,0,0,0,0,0,0,0,1,0,0,0,0,0
remove_excl_pca_admix,zjnolen,/tmp/tmpc_bx7qmf/workflow/rules/6.0_pca.smk,0,0,0,0,0,0,0,0,0,0,0,0,0,0,0,0,0,0,0,1,0,0,0,0,0
pca_pcangsd,zjnolen,/tmp/tmpc_bx7qmf/workflow/rules/6.0_pca.smk,0,0,0,0,0,0,0,0,0,0,0,0,0,0,0,0,0,0,0,1,0,0,0,0,0
plot_pca,zjnolen,/tmp/tmpc_bx7qmf/workflow/rules/6.0_pca.smk,0,0,0,0,0,0,0,0,0,0,0,0,0,0,0,0,0,0,0,1,0,0,0,0,0
ngsLD_prune_sites,zjnolen,/tmp/tmpc_bx7qmf/workflow/rules/4.1_linkage_pruning.smk,0,0,0,0,0,0,0,0,0,0,0,0,0,0,0,0,0,0,0,1,0,0,0,0,0
prune_chunk_beagle,zjnolen,/tmp/tmpc_bx7qmf/workflow/rules/4.1_linkage_pruning.smk,0,0,0,0,0,0,0,0,0,0,0,0,0,0,0,0,0,0,0,1,0,0,0,0,0
merge_pruned_beagles,zjnolen,/tmp/tmpc_bx7qmf/workflow/rules/4.1_linkage_pruning.smk,0,0,0,0,0,0,0,0,0,0,0,0,0,0,0,0,0,0,0,1,0,0,0,0,0
angsd_doGlf2,zjnolen,/tmp/tmpc_bx7qmf/workflow/rules/3.2_beagles.smk,0,0,0,0,0,0,0,0,0,0,0,0,0,0,0,0,0,0,0,1,0,0,0,0,0
merge_beagle,zjnolen,/tmp/tmpc_bx7qmf/workflow/rules/3.2_beagles.smk,0,0,0,0,0,0,0,0,0,0,0,0,0,0,0,0,0,0,0,1,0,0,0,0,0
merge_maf,zjnolen,/tmp/tmpc_bx7qmf/workflow/rules/3.2_beagles.smk,0,0,0,0,0,0,0,0,0,0,0,0,0,0,0,0,0,0,0,1,0,0,0,0,0
snpset,zjnolen,/tmp/tmpc_bx7qmf/workflow/rules/3.2_beagles.smk,0,0,0,0,0,0,0,0,0,0,0,0,0,0,0,0,0,0,0,1,0,0,0,0,0
ngsf_hmm,zjnolen,/tmp/tmpc_bx7qmf/workflow/rules/8.0_inbreeding.smk,0,0,0,0,0,0,0,0,0,0,0,0,0,0,0,0,0,0,0,1,0,0,0,0,0
convert_ibd,zjnolen,/tmp/tmpc_bx7qmf/workflow/rules/8.0_inbreeding.smk,0,0,0,0,0,0,0,0,0,0,0,0,0,0,0,0,0,0,0,0,0,0,0,0,0
plot_froh,zjnolen,/tmp/tmpc_bx7qmf/workflow/rules/8.0_inbreeding.smk,0,0,0,0,0,0,0,0,0,0,0,0,0,0,0,0,0,0,0,1,0,0,0,0,0
froh_table,zjnolen,/tmp/tmpc_bx7qmf/workflow/rules/8.0_inbreeding.smk,0,0,0,0,0,0,0,0,0,0,0,0,0,0,0,0,0,0,0,1,0,0,0,0,0
all,dcroote,/tmp/tmp65fd6fzp/Snakefile,0,0,0,0,0,0,0,0,0,0,0,0,0,0,0,0,0,0,0,0,0,0,0,0,0
get_genome_fasta_and_gtf,dcroote,/tmp/tmp65fd6fzp/rules/align.smk,0,0,0,0,0,0,0,0,0,0,0,0,0,0,0,0,1,0,0,0,0,0,0,0,0
star_genome_generate,dcroote,/tmp/tmp65fd6fzp/rules/align.smk,0,0,0,0,0,0,0,0,0,0,0,0,0,0,0,0,1,0,0,0,0,0,0,0,0
star,dcroote,/tmp/tmp65fd6fzp/rules/align.smk,0,0,0,0,0,0,0,0,0,0,0,0,0,0,0,0,1,0,0,0,0,0,0,0,0
htseq,dcroote,/tmp/tmp65fd6fzp/rules/align.smk,0,0,0,0,0,0,0,0,0,0,0,0,0,0,0,0,1,0,0,0,0,0,0,0,0
combine_counts,dcroote,/tmp/tmp65fd6fzp/rules/align.smk,0,0,0,0,0,0,0,0,0,0,0,0,0,0,0,0,1,0,0,0,0,0,0,0,0
basic,dcroote,/tmp/tmp65fd6fzp/rules/assemble.smk,0,0,0,0,0,0,0,0,0,0,0,0,0,0,0,0,1,0,0,0,0,0,0,0,0
blast_constant_region,dcroote,/tmp/tmp65fd6fzp/rules/assemble.smk,0,0,0,0,0,0,0,0,0,0,0,0,0,0,0,0,1,0,0,0,0,0,0,0,0
igblast_changeo,dcroote,/tmp/tmp65fd6fzp/rules/assemble.smk,0,0,0,0,0,0,0,0,0,0,0,0,0,0,0,0,1,0,0,0,0,0,0,0,0
merge_changeo_constant,dcroote,/tmp/tmp65fd6fzp/rules/assemble.smk,0,0,0,0,0,0,0,0,0,0,0,0,0,0,0,0,1,0,0,0,0,0,0,0,0
combine_assemblies,dcroote,/tmp/tmp65fd6fzp/rules/assemble.smk,0,0,0,0,0,0,0,0,0,0,0,0,0,0,0,0,1,0,0,0,0,0,0,0,0
all,ACTN3Bioinformatics,/tmp/tmp6s7lvkd1/Snakefile,0,0,0,0,0,0,0,0,0,0,0,0,0,0,0,0,0,0,0,0,0,0,0,0,0
download_all,ACTN3Bioinformatics,/tmp/tmp6s7lvkd1/Snakefile,0,0,0,0,0,0,0,0,0,0,0,0,0,0,0,0,0,0,0,0,0,0,0,0,0
qc_all,ACTN3Bioinformatics,/tmp/tmp6s7lvkd1/Snakefile,0,0,0,0,0,0,0,0,0,0,0,0,0,0,0,0,0,0,0,0,0,0,0,0,0
balance_all,ACTN3Bioinformatics,/tmp/tmp6s7lvkd1/Snakefile,0,0,0,0,0,0,0,0,0,0,0,0,0,0,0,0,0,0,0,0,0,0,0,0,0
features_all,ACTN3Bioinformatics,/tmp/tmp6s7lvkd1/Snakefile,0,0,0,0,0,0,0,0,0,0,0,0,0,0,0,0,0,0,0,0,0,0,0,0,0
clean,ACTN3Bioinformatics,/tmp/tmp6s7lvkd1/Snakefile,0,0,0,0,0,0,0,0,0,0,0,0,0,0,0,0,0,0,0,0,0,0,0,0,0
clean_temp,ACTN3Bioinformatics,/tmp/tmp6s7lvkd1/Snakefile,0,0,0,0,0,0,0,0,0,0,0,0,0,0,0,0,0,0,0,0,0,0,0,0,0
test,ACTN3Bioinformatics,/tmp/tmp6s7lvkd1/Snakefile,0,0,0,0,0,0,0,0,0,0,0,0,0,0,0,0,0,0,0,0,0,0,0,0,0
download_demo_data,ACTN3Bioinformatics,/tmp/tmp6s7lvkd1/workflows/rules/download.smk,0,0,0,0,0,0,0,0,0,0,0,0,0,0,0,0,1,0,0,1,0,0,0,0,0
verify_data,ACTN3Bioinformatics,/tmp/tmp6s7lvkd1/workflows/rules/download.smk,0,0,0,0,0,0,0,0,0,0,0,0,0,0,0,0,0,0,0,0,0,0,0,0,0
normalize,ACTN3Bioinformatics,/tmp/tmp6s7lvkd1/workflows/rules/normalize.smk,0,0,0,0,0,0,0,0,0,0,0,0,0,0,0,0,1,0,0,1,0,0,0,0,0
scale,ACTN3Bioinformatics,/tmp/tmp6s7lvkd1/workflows/rules/normalize.smk,0,0,0,0,0,0,0,0,0,0,0,0,0,0,0,0,1,0,0,1,0,0,0,0,0
extract_features,ACTN3Bioinformatics,/tmp/tmp6s7lvkd1/workflows/rules/features.smk,0,0,0,0,0,0,0,0,0,0,0,0,0,0,0,0,1,0,0,1,0,0,0,0,0
combine_features_splits,ACTN3Bioinformatics,/tmp/tmp6s7lvkd1/workflows/rules/features.smk,0,0,0,0,0,0,0,0,0,0,0,0,0,0,0,0,0,0,0,0,0,0,0,0,0
batch_correction,ACTN3Bioinformatics,/tmp/tmp6s7lvkd1/workflows/rules/integrate.smk,0,0,0,0,0,0,0,0,0,0,0,0,0,0,0,0,1,0,0,1,0,0,0,0,0
balance_classes,ACTN3Bioinformatics,/tmp/tmp6s7lvkd1/workflows/rules/balance.smk,0,0,0,0,0,0,0,0,0,0,0,0,0,0,0,0,1,0,0,1,0,0,0,0,0
filter_cells,ACTN3Bioinformatics,/tmp/tmp6s7lvkd1/workflows/rules/qc.smk,0,0,0,0,0,0,0,0,0,0,0,0,0,0,0,0,1,0,0,1,0,0,0,0,0
qc_report,ACTN3Bioinformatics,/tmp/tmp6s7lvkd1/workflows/rules/qc.smk,0,0,0,0,0,0,0,0,0,0,0,0,0,0,0,0,1,0,0,0,0,0,0,0,0
split_data,ACTN3Bioinformatics,/tmp/tmp6s7lvkd1/workflows/rules/split.smk,0,0,0,0,0,0,0,0,0,0,0,0,0,0,0,0,1,0,0,0,0,0,0,0,0
all,usnistgov,/tmp/tmpz9yakv7z/Snakefile,0,0,0,0,0,0,0,0,0,0,0,0,0,0,0,0,0,0,0,0,0,0,0,0,0
get_assemblies,usnistgov,/tmp/tmpz9yakv7z/Snakefile,0,0,0,0,0,0,0,0,0,0,0,0,0,0,0,0,0,0,0,0,0,0,0,0,0
get_ref,usnistgov,/tmp/tmpz9yakv7z/Snakefile,0,0,0,0,0,0,0,0,0,0,0,0,0,0,0,0,0,0,0,0,0,0,0,0,0
index_ref,usnistgov,/tmp/tmpz9yakv7z/Snakefile,0,0,0,0,0,0,0,0,0,0,0,0,0,0,0,0,1,0,0,0,0,0,0,0,0
bwa_index,usnistgov,/tmp/tmpz9yakv7z/Snakefile,0,0,0,0,0,0,0,0,0,0,0,0,0,0,0,0,0,0,0,0,0,0,0,0,0
index_ref_mmi,usnistgov,/tmp/tmpz9yakv7z/Snakefile,0,0,0,0,0,0,0,0,0,0,0,0,0,0,0,0,1,0,0,0,0,0,0,0,0
index_ref_sdf,usnistgov,/tmp/tmpz9yakv7z/Snakefile,0,0,0,0,0,0,0,0,0,0,0,0,0,0,0,0,0,0,0,0,0,0,0,0,0
get_strats,usnistgov,/tmp/tmpz9yakv7z/Snakefile,0,0,0,0,0,0,0,0,0,0,0,0,0,0,0,0,0,0,0,0,0,0,0,0,0
get_comparison_vcf,usnistgov,/tmp/tmpz9yakv7z/Snakefile,0,0,0,0,0,0,0,0,0,0,0,0,0,0,0,0,0,0,0,0,0,0,0,0,0
compress_vcf,usnistgov,/tmp/tmpz9yakv7z/Snakefile,0,0,0,0,0,0,0,0,0,0,0,0,0,0,0,0,1,0,0,0,0,0,0,0,0
tabix,usnistgov,/tmp/tmpz9yakv7z/Snakefile,0,0,0,0,0,0,0,0,0,0,0,0,0,0,0,0,0,0,0,0,0,0,0,0,0
run_dipcall,usnistgov,/tmp/tmpz9yakv7z/Snakefile,0,0,0,0,0,0,0,0,1,0,0,0,0,0,0,0,0,0,0,0,0,0,0,0,0
sort_bed,usnistgov,/tmp/tmpz9yakv7z/Snakefile,0,0,0,0,0,0,0,0,0,0,0,0,0,0,0,0,0,0,0,0,0,0,0,0,0
index_dip_bam,usnistgov,/tmp/tmpz9yakv7z/Snakefile,0,0,0,0,0,0,0,0,0,0,0,0,0,0,0,0,0,0,0,0,0,0,0,0,0
postprocess_bed,usnistgov,/tmp/tmpz9yakv7z/Snakefile,0,0,0,0,0,0,0,0,0,0,0,0,0,0,0,0,0,0,0,0,0,0,0,0,0
run_happy,usnistgov,/tmp/tmpz9yakv7z/Snakefile,0,0,0,0,0,0,0,0,0,0,0,0,0,0,0,0,1,0,0,0,0,0,0,0,0
run_truvari,usnistgov,/tmp/tmpz9yakv7z/Snakefile,0,0,0,0,0,0,0,0,0,0,0,0,0,0,0,0,0,0,0,0,0,0,0,0,0
truvari_refine,usnistgov,/tmp/tmpz9yakv7z/Snakefile,0,0,0,0,0,0,0,0,0,0,0,0,0,0,0,0,0,0,0,0,0,0,0,0,0
download_bed_gz,usnistgov,/tmp/tmpz9yakv7z/rules/exclusions.smk,0,0,0,0,0,0,0,0,0,0,0,0,0,0,0,0,0,0,0,0,0,0,0,0,0
make_gaps_bed,usnistgov,/tmp/tmpz9yakv7z/rules/exclusions.smk,0,0,0,0,0,0,0,0,0,0,0,0,0,0,0,0,0,0,0,0,0,0,0,0,0
get_sv_widen_coords,usnistgov,/tmp/tmpz9yakv7z/rules/exclusions.smk,0,0,0,0,0,0,0,0,0,0,0,0,0,0,0,0,0,0,0,0,0,0,0,0,0
intersect_SVs_and_simple_repeats,usnistgov,/tmp/tmpz9yakv7z/rules/exclusions.smk,0,0,0,0,0,0,0,0,0,0,0,0,0,0,0,0,0,0,0,0,0,0,0,0,0
add_slop,usnistgov,/tmp/tmpz9yakv7z/rules/exclusions.smk,0,0,0,0,0,0,0,0,0,0,0,0,0,0,0,0,0,0,0,0,0,0,0,0,0
add_slop_and_merge,usnistgov,/tmp/tmpz9yakv7z/rules/exclusions.smk,0,0,0,0,0,0,0,0,0,0,0,0,0,0,0,0,0,0,0,0,0,0,0,0,0
intersect_start_and_end,usnistgov,/tmp/tmpz9yakv7z/rules/exclusions.smk,0,0,0,0,0,0,0,0,0,0,0,0,0,0,0,0,0,0,0,0,0,0,0,0,0
get_flanks,usnistgov,/tmp/tmpz9yakv7z/rules/exclusions.smk,0,0,0,0,0,0,0,0,0,0,0,0,0,0,0,0,0,0,0,0,0,0,0,0,0
subtract_exclusions,usnistgov,/tmp/tmpz9yakv7z/rules/exclusions.smk,0,0,0,0,0,0,0,0,0,0,0,0,0,0,0,0,0,0,0,0,0,0,0,0,0
fix_XY_genotype,usnistgov,/tmp/tmpz9yakv7z/rules/bench_vcf_processing.smk,0,0,0,0,0,0,0,0,0,0,0,0,0,0,0,0,0,0,0,0,0,0,0,0,0
dip_gap2homvarbutfiltered,usnistgov,/tmp/tmpz9yakv7z/rules/bench_vcf_processing.smk,0,0,0,0,0,0,0,0,0,0,0,0,0,0,0,0,0,0,0,0,0,0,0,0,0
split_multiallelic_sites,usnistgov,/tmp/tmpz9yakv7z/rules/bench_vcf_processing.smk,0,0,0,0,0,0,0,0,0,0,0,0,0,0,0,0,0,0,0,0,0,0,0,0,0
filter_lt19_and_norm,usnistgov,/tmp/tmpz9yakv7z/rules/bench_vcf_processing.smk,0,0,0,0,0,0,0,0,0,0,0,0,0,0,0,0,1,0,0,0,0,0,0,0,0
normalize_vars,usnistgov,/tmp/tmpz9yakv7z/rules/bench_vcf_processing.smk,0,0,0,0,0,0,0,0,0,0,0,0,0,0,0,0,1,0,0,0,0,0,0,0,0
get_adotto_tr_anno_db,usnistgov,/tmp/tmpz9yakv7z/rules/bench_vcf_processing.smk,0,0,0,0,0,0,0,0,0,0,0,0,0,0,0,0,0,0,0,0,0,0,0,0,0
make_db_for_truvari_anno_trf,usnistgov,/tmp/tmpz9yakv7z/rules/bench_vcf_processing.smk,0,0,0,0,0,0,0,0,0,0,0,0,0,0,0,0,0,0,0,0,0,0,0,0,0
run_truvari_anno_trf,usnistgov,/tmp/tmpz9yakv7z/rules/bench_vcf_processing.smk,0,0,0,0,0,0,0,0,0,0,0,0,0,0,0,0,0,0,0,0,0,0,0,0,0
run_truvari_anno_svinfo,usnistgov,/tmp/tmpz9yakv7z/rules/bench_vcf_processing.smk,0,0,0,0,0,0,0,0,0,0,0,0,0,0,0,0,0,0,0,0,0,0,0,0,0
run_truvari_anno_repmask,usnistgov,/tmp/tmpz9yakv7z/rules/bench_vcf_processing.smk,0,0,0,0,0,0,0,0,0,0,0,0,0,0,0,0,0,0,0,0,0,0,0,0,0
run_truvari_anno_remap,usnistgov,/tmp/tmpz9yakv7z/rules/bench_vcf_processing.smk,0,0,0,0,0,0,0,0,0,0,0,0,0,0,0,0,0,0,0,0,0,0,0,0,0
run_truvari_anno_lcr,usnistgov,/tmp/tmpz9yakv7z/rules/bench_vcf_processing.smk,0,0,0,0,0,0,0,0,0,0,0,0,0,0,0,0,0,0,0,0,0,0,0,0,0
copy_asm_vcf_to_annotations,usnistgov,/tmp/tmpz9yakv7z/rules/bench_vcf_processing.smk,0,0,0,0,0,0,0,0,0,0,0,0,0,0,0,0,0,0,0,0,0,0,0,0,0
rename_and_move_processed_draft_bench_vcf,usnistgov,/tmp/tmpz9yakv7z/rules/bench_vcf_processing.smk,0,0,0,0,0,0,0,0,0,0,0,0,0,0,0,0,0,0,0,0,0,0,0,0,0
get_variants_in_benchmark_regions,usnistgov,/tmp/tmpz9yakv7z/rules/bench_vcf_processing.smk,0,0,0,0,0,0,0,0,0,0,0,0,0,0,0,0,0,0,0,0,0,0,0,0,0
run_assembly_stats,usnistgov,/tmp/tmpz9yakv7z/rules/report.smk,0,0,0,0,0,0,0,0,0,0,0,0,0,0,0,0,0,0,0,0,0,0,0,0,0
get_bed_stats,usnistgov,/tmp/tmpz9yakv7z/rules/report.smk,0,0,0,0,0,0,0,0,0,0,0,0,0,0,0,0,0,0,0,0,0,0,0,0,0
get_exclusion_coverage,usnistgov,/tmp/tmpz9yakv7z/rules/report.smk,0,0,0,0,0,0,0,0,0,0,0,0,0,0,0,0,0,0,0,0,0,0,0,0,0
get_bcftools_stats,usnistgov,/tmp/tmpz9yakv7z/rules/report.smk,0,0,0,0,0,0,0,0,0,0,0,0,0,0,0,0,0,0,0,0,0,0,0,0,0
get_rtg_vcf_stats,usnistgov,/tmp/tmpz9yakv7z/rules/report.smk,0,0,0,0,0,0,0,0,0,0,0,0,0,0,0,0,0,0,0,0,0,0,0,0,0
summarize_exclusions,usnistgov,/tmp/tmpz9yakv7z/rules/report.smk,0,0,0,0,0,0,0,0,0,0,0,0,0,0,0,0,0,0,0,0,0,0,0,0,0
rna_seq_map_all,percyfal,/tmp/tmp0i17qdc4/workflow/Snakefile,0,0,0,0,0,0,0,0,0,0,0,0,0,0,0,0,0,0,0,0,0,0,0,0,0
gmap_build,percyfal,/tmp/tmp0i17qdc4/workflow/rules/gmap.smk,0,0,0,0,0,0,0,0,0,0,0,0,0,0,0,0,1,0,0,1,0,0,0,0,0
gmap_map,percyfal,/tmp/tmp0i17qdc4/workflow/rules/gmap.smk,0,0,0,0,0,0,0,0,0,0,0,0,0,0,0,0,1,0,0,1,0,0,0,0,0
gmap_unzip_fasta,percyfal,/tmp/tmp0i17qdc4/workflow/rules/gmap.smk,0,0,0,0,0,0,0,0,0,0,0,0,0,0,0,0,0,0,0,0,0,0,0,0,0
